-- phpMyAdmin SQL Dump
-- version 4.3.13
-- http://www.phpmyadmin.net
--
-- Хост: localhost
-- Время создания: Июн 11 2015 г., 15:42
-- Версия сервера: 5.6.23-1~dotdeb.3
-- Версия PHP: 5.4.40-1~dotdeb+wheezy.1

SET SQL_MODE = "NO_AUTO_VALUE_ON_ZERO";
SET time_zone = "+00:00";


/*!40101 SET @OLD_CHARACTER_SET_CLIENT=@@CHARACTER_SET_CLIENT */;
/*!40101 SET @OLD_CHARACTER_SET_RESULTS=@@CHARACTER_SET_RESULTS */;
/*!40101 SET @OLD_COLLATION_CONNECTION=@@COLLATION_CONNECTION */;
/*!40101 SET NAMES utf8 */;

--
-- База данных: `zali_v_arendu`
--

-- --------------------------------------------------------

--
-- Структура таблицы `address`
--

CREATE TABLE IF NOT EXISTS `address` (
  `id` int(11) NOT NULL,
  `town` varchar(255) DEFAULT NULL,
  `district` varchar(255) DEFAULT NULL,
  `street` varchar(255) DEFAULT NULL,
  `house` varchar(45) DEFAULT NULL,
  `block` varchar(45) DEFAULT NULL,
  `comment` mediumtext,
  `metro` varchar(255) DEFAULT NULL
) ENGINE=InnoDB AUTO_INCREMENT=180 DEFAULT CHARSET=utf8;

--
-- Дамп данных таблицы `address`
--

INSERT INTO `address` (`id`, `town`, `district`, `street`, `house`, `block`, `comment`, `metro`) VALUES
(2, 'Санкт-Петербург', 'Петроградский', 'Чкаловский', '15', '', '', 'Чкаловская'),
(3, 'Санкт-Петербург', 'Петроградский', 'Планерная', '20', '', '', 'Петроградская'),
(4, 'Санкт-Петербург', 'Центральный', 'Казанская', '7', '', '', 'Невский проспект'),
(5, 'Санкт-Петербург', 'Адмиралтейский', 'Звенигородская', '11', '', '', 'Звенигородская'),
(6, 'Санкт-Петербург', 'Адмиралтейский', 'Обводного канала', '134', '3', '', 'Балтийская'),
(7, 'Санкт-Петербург', 'Приморский', 'Стародеревенская ул.', '34', '1', '', 'Комендантский проспект'),
(8, 'Санкт-Петербург', 'Центральный', 'Банковский переулок', '3', '', '', 'Гостиный двор'),
(9, 'Санкт-Петербург', 'Центральный', 'Казанская ул.', '', '', '', 'Невский проспект'),
(10, 'Санкт-Петербург', 'Петроградский', 'Большая Пушкарская ул.', '35', '', '', 'Петроградская'),
(11, 'Санкт-Петербург', 'Невский', 'пр. Солидарности', '9', '3', '', 'Проспект Большевиков'),
(12, 'Санкт-Петербург', 'Центральный', 'Мытнинская ул.', '15', '', '', 'Площадь Восстания'),
(13, 'Санкт-Петербург', 'Центральный', 'Ефимова ул.', '4', '', '', 'Сенная площадь'),
(14, 'Санкт-Петербург', 'Центральный', 'Кузнечный переулок', '6', '', '', 'Владимирская'),
(15, 'Санкт-Петербург', 'Центральный', 'Чайковского ул.', '', '', '', 'Чернышевская'),
(16, 'Санкт-Петербург', 'Кировский', 'пр. Стачек', '138', '', '', 'Ленинский проспект'),
(17, 'Санкт-Петербург', 'Василеостровский', 'Большой Проспект ВО', '89', '', '', 'Василеостровская'),
(18, 'Санкт-Петербург', 'Московский', 'Кузнецовская ул.', '22', '', '', 'Электросила'),
(19, 'Санкт-Петербург', 'Московский', 'пр. Юрия Гагарина', '19', '', '', 'Парк Победы'),
(20, 'Санкт-Петербург', 'Центральный', 'Казначейская ул.', '2', '', '', 'Садовая'),
(21, 'Санкт-Петербург', 'Невский', 'пр. Обуховской обороны', '72', '', '', 'Елизаровская'),
(22, 'Санкт-Петербург', 'Центральный', 'Лиговский пр.', '115', '', '', 'Обводный канал'),
(23, 'Санкт-Петербург', 'Петроградский', 'Большая Пушкарская ул.', '20', '', '', 'Чкаловская'),
(24, 'Санкт-Петербург', 'Адмиралтейский', 'Казанская ул.', '7', '', '', 'Невский проспект'),
(25, 'Санкт-Петербург', 'Выборгский', 'Лесной пр.', '59/7', '', '', 'Лесная'),
(26, 'Санкт-Петербург', 'Калининский', 'Светлановский пр.', '54В', '', '', 'Гражданский проспект'),
(27, 'Санкт-Петербург', 'Калининский', 'Светлановский пр.', '54В', '', '', 'Гражданский проспект'),
(28, 'Санкт-Петербург', 'Кировский', 'пр. Стачек', '138', '', '', 'Ленинский проспект'),
(29, 'Санкт-Петербург', 'Кировский', 'ул.Васи Алексеева', '9', '1', '', 'Кировский завод'),
(30, 'Санкт-Петербург', 'Кировский', 'пр. Стачек', '111', '', '', 'Ленинский проспект'),
(31, 'Санкт-Петербург', 'Московский', 'ул. Кузнецовская', '22', '', '', 'Парк Победы'),
(32, 'Санкт-Петербург', 'Московский', 'ул. Кузнецовская', '22', '', '', 'Парк Победы'),
(33, 'Санкт-Петербург', 'Московский', 'ул. Кузнецовская', '22', '', '', 'Парк Победы'),
(34, 'Санкт-Петербург', 'Московский', 'ул. Иркутская', '4А', '', '', 'Электросила'),
(35, 'Санкт-Петербург', 'Московский', 'Лиговский пр.', '254', '', '', 'Московские ворота'),
(36, 'Санкт-Петербург', 'Петроградский', 'Большая Пушкарская ул.', '8', '', '', 'Спортивная'),
(37, 'Санкт-Петербург', 'Петроградский', 'ул. Мира', '3', '', '', 'Горьковская'),
(38, 'Санкт-Петербург', 'Петроградский', 'ул. Мира', '3', '', '', 'Горьковская'),
(39, 'Санкт-Петербург', 'Петроградский', 'ул. Мира', '3', '', '', 'Горьковская'),
(40, 'Санкт-Петербург', 'Петроградский', 'Чкаловский пр.', '15', '', '', 'Чкаловская'),
(41, 'Санкт-Петербург', 'Петроградский', 'Чкаловский пр.', '15', '', '', 'Чкаловская'),
(42, 'Санкт-Петербург', 'Петроградский', 'Чкаловский пр.', '15', '', '', 'Чкаловская'),
(43, 'Санкт-Петербург', 'Петроградский', 'Чкаловский пр.', '15', '', '', 'Чкаловская'),
(44, 'Санкт-Петербург', 'Петроградский', 'Чкаловский пр.', '15', '', '', 'Чкаловская'),
(45, 'Санкт-Петербург', 'Петроградский', 'Чкаловский пр.', '15', '', '', 'Чкаловская'),
(46, 'Санкт-Петербург', 'Петроградский', 'Чкаловский пр.', '15', '', '', 'Чкаловская'),
(47, 'Санкт-Петербург', 'Петроградский', 'Чкаловский пр.', '15', '', '', 'Чкаловская'),
(48, 'Санкт-Петербург', 'Петроградский', 'Чкаловский пр.', '15', '', '', 'Чкаловская'),
(49, 'Санкт-Петербург', 'Петроградский', 'Чкаловский пр.', '15', '', '', 'Чкаловская'),
(50, 'Санкт-Петербург', 'Петроградский', 'Чкаловский пр.', '15', '', '', 'Чкаловская'),
(51, 'Санкт-Петербург', 'Петроградский', 'Чкаловский пр.', '15', '', '', 'Чкаловская'),
(52, 'Санкт-Петербург', 'Петроградский', 'Чкаловский пр.', '15', '', '', 'Чкаловская'),
(53, 'Санкт-Петербург', 'Приморский', 'Дибуновская ул.', '50', '', '', 'Старая Деревня'),
(54, 'Санкт-Петербург', 'Центральный', 'Лиговский пр.', '50', '6', '', 'Лиговский проспект'),
(55, 'Санкт-Петербург', 'Центральный', 'Лиговский пр.', '50', '6', '', 'Лиговский проспект'),
(56, 'Санкт-Петербург', 'Центральный', 'наб. Обводного канала', '93а', '', '', 'Звенигородская'),
(57, 'Санкт-Петербург', 'Центральный', 'ул. Рубинштейна', '6', '', '', 'Маяковская'),
(58, 'Санкт-Петербург', 'Центральный', 'Невский пр.', '142/2', '', '', 'Площадь Восстания'),
(59, 'Санкт-Петербург', 'Центральный', 'ул. Марата', '47 - 49', '', '', 'Достоевская'),
(60, 'Санкт-Петербург', 'Центральный', 'ул. Марата', '47 - 49', '', '', 'Достоевская'),
(61, 'Санкт-Петербург', 'Центральный', 'ул. Марата', '47 - 49', '', '', 'Достоевская'),
(62, 'Санкт-Петербург', 'Центральный', 'ул. Звенигородская', '11', '', '', 'Звенигородская'),
(63, 'Санкт-Петербург', 'Центральный', 'ул. Чайковского', '12', '', '', 'Чернышевская'),
(64, 'Санкт-Петербург', 'Центральный', 'Невский пр.', '124', '', '', 'Площадь Восстания'),
(65, 'Санкт-Петербург', 'Центральный', 'Невский пр.', '124', '', '', 'Площадь Восстания'),
(66, 'Санкт-Петербург', 'Центральный', 'Суворовский пр.', '39', '', '', 'Площадь Восстания'),
(67, 'Санкт-Петербург', 'Центральный', 'Суворовский пр.', '39', '', '', 'Площадь Восстания'),
(68, 'Санкт-Петербург', 'Центральный', 'Суворовский пр.', '39', '', '', 'Площадь Восстания'),
(69, 'Санкт-Петербург', 'Центральный', 'ул. Звенигородская', '11', '', '', 'Звенигородская'),
(70, 'Санкт-Петербург', 'Центральный', 'ул. Звенигородская', '11', '', '', 'Звенигородская'),
(71, 'Санкт-Петербург', 'Центральный', 'ул. Звенигородская', '11', '', '', 'Звенигородская'),
(72, 'Санкт-Петербург', 'Выборгский', 'пр. Энгельса', '33', '1', '', 'Удельная'),
(73, 'Санкт-Петербург', 'Невский', 'пр. Обуховской Обороны', '72', '', '', 'Елизаровская'),
(74, 'Санкт-Петербург', 'Невский', 'пр. Обуховской Обороны', '72', '', '', 'Елизаровская'),
(75, 'Санкт-Петербург', 'Невский', 'пр. Обуховской Обороны', '72', '', '', 'Елизаровская'),
(76, 'Санкт-Петербург', 'Невский', 'ул. Коллонтай', '31', '1', '', 'Проспект Большевиков'),
(77, 'Санкт-Петербург', 'Московский', 'Пулковское ш.', '35', '', '', 'Московская'),
(78, 'Санкт-Петербург', 'Петроградский', 'Аптекарская наб.', '20', '', '', 'Петроградская'),
(79, 'Санкт-Петербург', 'Петроградский', 'Аптекарская наб.', '20', '', '', 'Петроградская'),
(80, 'Санкт-Петербург', 'Приморский', 'пр. Коломяжский', '17', '', '', 'Пионерская'),
(81, 'Санкт-Петербург', 'Московский', 'ул. Я. Гашека', '17А', '', '', 'Купчино'),
(82, 'Санкт-Петербург', 'Кировский', 'пр. Стачек', '170', '', '', 'Проспект Ветеранов'),
(83, 'Санкт-Петербург', 'Московский', 'ул. Цветочная', '19', '', '', 'Московские ворота'),
(84, 'Санкт-Петербург', 'Приморский', 'ул. Стародеревенская', '34б', '', '', 'Комендантский проспект'),
(85, 'Санкт-Петербург', 'Приморский', 'ул. Стародеревенская', '34б', '', '', 'Комендантский проспект'),
(86, 'Санкт-Петербург', 'Василеостровский', 'ул. Гаванская', '34', '', '', 'Василеостровская'),
(87, 'Санкт-Петербург', 'Невский', 'пр. Обуховской обороны', '119б', '', '', 'Елизаровская'),
(88, 'Санкт-Петербург', 'Невский', 'пр. Обуховской обороны', '72', '', '', 'Елизаровская'),
(89, 'Санкт-Петербург', 'Невский', 'пр. Обуховской обороны', '72', '', '', 'Елизаровская'),
(90, 'Санкт-Петербург', 'Невский', 'пр. Обуховской обороны', '72', '', '', 'Елизаровская'),
(91, 'Санкт-Петербург', '', 'Чкаловский пр.', '', '', '', ''),
(92, 'Санкт-Петербург', 'Невский', 'Искровский пр.', '12', '', '', 'Проспект Большевиков'),
(93, 'Санкт-Петербург', 'Адмиралтейский', 'ул. Малая Морская', '20', '', '', 'Адмиралтейская'),
(94, 'Санкт-Петербург', 'Адмиралтейский', 'ул. Малая Морская', '20', '', '', 'Адмиралтейская'),
(95, 'Санкт-Петербург', 'Адмиралтейский', 'ул. Малая Морская', '20', '', '', 'Адмиралтейская'),
(96, 'Санкт-Петербург', 'Адмиралтейский', 'Клинский пр.', '25', '', '', 'Технологический институт'),
(97, 'Санкт-Петербург', 'Адмиралтейский', 'Клинский пр.', '25', '', '', 'Технологический институт'),
(98, 'Санкт-Петербург', 'Центральный', 'Загородный пр.', '35', '', '', 'Звенигородская'),
(99, 'Санкт-Петербург', 'Василеостровский', '8-я линия В.О.', '33', '', '', 'Василеостровская'),
(100, 'Санкт-Петербург', 'Василеостровский', '8-я линия В.О.', '33', '', '', 'Василеостровская'),
(101, 'Санкт-Петербург', 'Василеостровский', '8-я линия В.О.', '33', '', '', 'Василеостровская'),
(102, 'Санкт-Петербург', 'Невский', 'Октябрьская наб.', '149', '', '', 'Ломоносовская'),
(103, 'Санкт-Петербург', 'Адмиралтейский', '8-я Красноармейская ул.', '5', '', '', 'Технологический институт'),
(104, 'Санкт-Петербург', 'Центральный', '7-я Советская ул.', '16', '', '', 'Площадь Восстания'),
(105, 'Санкт-Петербург', 'Центральный', '7-я Советская ул.', '16', '', '', 'Площадь Восстания'),
(106, 'Санкт-Петербург', 'Центральный', '7-я Советская ул.', '16', '', '', 'Площадь Восстания'),
(107, 'Санкт-Петербург', 'Центральный', '7-я Советская ул.', '16', '', '', 'Площадь Восстания'),
(108, 'Санкт-Петербург', 'Адмиралтейский', '12-я Красноармейская ул.', '19', '', '', 'Балтийская'),
(109, 'Санкт-Петербург', 'Адмиралтейский', '12-я Красноармейская ул.', '19', '', '', 'Балтийская'),
(110, 'Санкт-Петербург', 'Адмиралтейский', '10-я Красноармейская ул.', '15', '', '', 'Балтийская'),
(111, 'Санкт-Петербург', 'Адмиралтейский', '10-я Красноармейская ул.', '15', '', '', 'Балтийская'),
(112, 'Санкт-Петербург', 'Адмиралтейский', 'Подъездной пер.', '10', '', '', 'Пушкинская'),
(113, 'Санкт-Петербург', 'Адмиралтейский', 'Подъездной пер.', '10', '', '', 'Пушкинская'),
(114, 'Санкт-Петербург', 'Адмиралтейский', 'наб. Обводного канала', '136', '', '', 'Балтийская'),
(115, 'Санкт-Петербург', 'Адмиралтейский', 'Клинский пр.', '25', '', '', 'Технологический институт'),
(116, 'Санкт-Петербург', 'Адмиралтейский', 'Звенигородская ул.', '11', '', '', 'Звенигородская'),
(117, 'Санкт-Петербург', 'Адмиралтейский', 'Звенигородская ул.', '11', '', '', 'Звенигородская'),
(118, 'Санкт-Петербург', 'Выборгский', 'Выборгское ш.', '34', '', '', 'Озерки'),
(120, 'Санкт-Петербург', 'Московский', 'пр. Ленинский', '160', '', '', 'Ленинский проспект'),
(121, 'Санкт-Петербург', 'Невский', 'ул. Коллонтай', '31', '1', '', 'Проспект Большевиков'),
(122, 'Санкт-Петербург', 'Московский', 'Пулковское ш.', '35', '', '', 'Московская'),
(123, 'Санкт-Петербург', 'Выборгский', 'Выборгское ш.', '13', '', '', 'Озерки'),
(124, 'Санкт-Петербург', 'Выборгский', 'Большой Сампсониевский пр.', '28а', '', '', 'Выборгская'),
(125, 'Санкт-Петербург', 'Василеостровский', 'Средний пр-т В.О.', '48/27', '', '', 'Василеостровская'),
(126, 'Санкт-Петербург', 'Адмиралтейский', 'наб. Канала Грибоедова', '', '', '', 'Садовая'),
(127, 'Санкт-Петербург', 'Центральный', 'ул. Марата', '5', '', '', 'Маяковская'),
(128, 'Санкт-Петербург', 'Василеостровский', 'наб. реки Смоленки', '2', '', '', 'Василеостровская'),
(129, 'Санкт-Петербург', 'Василеостровский', 'наб. реки Смоленки', '2', '', '', 'Василеостровская'),
(130, 'Санкт-Петербург', 'Центральный', 'Конюшенная площадь', '2', '', '', 'Невский проспект'),
(131, 'Санкт-Петербург', 'Центральный', 'Конюшенная площадь', '2', '', '', 'Невский проспект'),
(132, 'Санкт-Петербург', 'Адмиралтейский', 'наб. Обводного канала', '199', '', '', 'Балтийская'),
(133, 'Санкт-Петербург', 'Адмиралтейский', 'Лермонтовский пр-т', '43/1', '', '', 'Технологический институт'),
(134, 'Санкт-Петербург', 'Адмиралтейский', 'Лермонтовский пр-т', '43/1', '', '', 'Технологический институт'),
(135, 'Санкт-Петербург', 'Адмиралтейский', 'Лермонтовский пр-т', '43/1', '', '', 'Технологический институт'),
(136, 'Санкт-Петербург', 'Адмиралтейский', 'Лермонтовский пр-т', '43/1', '', '', 'Технологический институт'),
(137, 'Санкт-Петербург', 'Адмиралтейский', 'Лермонтовский пр-т', '43/1', '', '', 'Технологический институт'),
(138, 'Санкт-Петербург', 'Адмиралтейский', 'Лермонтовский пр-т', '43/1', '', '', 'Технологический институт'),
(139, 'Санкт-Петербург', 'Адмиралтейский', 'Лермонтовский пр-т', '43/1', '', '', 'Технологический институт'),
(140, 'Санкт-Петербург', 'Адмиралтейский', 'Лермонтовский пр-т', '43/1', '', '', 'Технологический институт'),
(141, 'Санкт-Петербург', 'Адмиралтейский', 'Лермонтовский пр-т', '43/1', '', '', 'Технологический институт'),
(142, 'Санкт-Петербург', 'Адмиралтейский', 'Лермонтовский пр-т', '43/1', '', '', 'Технологический институт'),
(143, 'Санкт-Петербург', 'Адмиралтейский', 'Лермонтовский пр-т', '43/1', '', '', 'Технологический институт'),
(144, 'Санкт-Петербург', 'Адмиралтейский', 'Лермонтовский пр-т', '43/1', '', '', 'Технологический институт'),
(145, 'Санкт-Петербург', 'Адмиралтейский', 'Лермонтовский пр-т', '43/1', '', '', 'Технологический институт'),
(146, 'Санкт-Петербург', 'Адмиралтейский', 'Лермонтовский пр-т', '43/1', '', '', 'Технологический институт'),
(147, 'Санкт-Петербург', 'Адмиралтейский', 'Лермонтовский пр-т', '43/1', '', '', 'Технологический институт'),
(148, 'Санкт-Петербург', 'Адмиралтейский', 'Лермонтовский пр-т', '43/1', '', '', 'Технологический институт'),
(149, 'Санкт-Петербург', 'Адмиралтейский', 'Лермонтовский пр-т', '43/1', '', '', 'Технологический институт'),
(150, 'Санкт-Петербург', 'Адмиралтейский', 'Лермонтовский пр-т', '43/1', '', '', 'Технологический институт'),
(151, 'Санкт-Петербург', 'Адмиралтейский', 'Лермонтовский пр-т', '43/1', '', '', 'Технологический институт'),
(152, 'Санкт-Петербург', 'Адмиралтейский', 'Лермонтовский пр-т', '43/1', '', '', 'Технологический институт'),
(153, 'Санкт-Петербург', 'Адмиралтейский', 'Лермонтовский пр-т', '43/1', '', '', 'Технологический институт'),
(154, 'Санкт-Петербург', 'Адмиралтейский', 'Лермонтовский пр-т', '43/1', '', '', 'Технологический институт'),
(155, 'Санкт-Петербург', 'Невский', 'пр. Пятилеток', '1', '', '', 'Проспект Большевиков'),
(156, 'Санкт-Петербург', 'Василеостровский', 'Малый пр. В.О.', '66', '', '', 'Приморская'),
(157, 'Санкт-Петербург', 'Центральный', 'ул. Потемкинская', '4-a', '', '', 'Чернышевская'),
(158, 'Санкт-Петербург', 'Приморский', 'ул. Аккуратова', '7а', '', '', 'Пионерская'),
(159, 'Санкт-Петербург', 'Невский', 'пр-т Обуховской Обороны', '130', '', '', 'Пролетарская'),
(160, 'Санкт-Петербург', 'Выборгский', 'Приозерское ш.', '54 км.', '', '', 'Парнас'),
(161, 'Санкт-Петербург', 'Петроградский', 'ул. Ждановская', '2', '', '', 'Спортивная'),
(162, 'Санкт-Петербург', 'Петроградский', 'Чкаловский пр.', '15', '', '', 'Чкаловская'),
(163, 'Санкт-Петербург', 'Петроградский', 'Ждановская наб.', '2', '', '', 'Спортивная'),
(164, 'Санкт-Петербург', 'Московский', 'Лиговский пр.', '289', '', '', 'Московские ворота'),
(165, 'Санкт-Петербург', 'Московский', 'Лиговский пр.', '246', '', '', 'Московские ворота'),
(166, 'Санкт-Петербург', 'Адмиралтейский', 'наб. Обводного Канала', '136', '', '', 'Балтийская'),
(167, 'Санкт-Петербург', 'Выборгский', 'Мориса Тореза пр.', '71', '', '', 'Озерки'),
(168, 'Санкт-Петербург', 'Выборгский', 'Мориса Тореза пр.', '71', '', '', 'Озерки'),
(169, 'Санкт-Петербург', 'Калининский', 'Политехническая ул.', '27', '', '', 'Площадь Мужества'),
(170, 'Санкт-Петербург', 'Калининский', 'Муринский парк', '', '', '', 'Гражданский проспект'),
(171, 'Санкт-Петербург', 'Кировский', 'Маршала Говорова ул.', '35', '2', '', 'Балтийская'),
(172, 'Санкт-Петербург', 'Московский', 'Авиационная ул.', '19', '', '', 'Балтийская'),
(173, 'Санкт-Петербург', 'Московский', 'Авиационная ул.', '19', '', '', 'Балтийская'),
(174, 'Санкт-Петербург', 'Московский', 'Авиационная ул.', '19', '', '', 'Балтийская'),
(175, 'Санкт-Петербург', 'Московский', 'Авиационная ул.', '19', '', '', 'Балтийская'),
(176, 'Санкт-Петербург', 'Калининский', 'ул. Кантемировская', '39', '', '', 'Лесная'),
(177, 'Санкт-Петербург', 'Кировский', 'ул.Васи Алексеева', '9', '1', '', 'Кировский завод'),
(178, 'Санкт-Петербург', 'Выборгский', 'пр. Культуры', '41', '', '', 'Проспект Просвещения'),
(179, 'Санкт-Петербург', 'Невский', 'Дальневосточный', '71', '', '', 'Улица Дыбенко');

-- --------------------------------------------------------

--
-- Структура таблицы `category`
--

CREATE TABLE IF NOT EXISTS `category` (
  `id` int(11) NOT NULL,
  `name` varchar(255) DEFAULT NULL
) ENGINE=InnoDB AUTO_INCREMENT=8 DEFAULT CHARSET=utf8;

--
-- Дамп данных таблицы `category`
--

INSERT INTO `category` (`id`, `name`) VALUES
(1, 'Танцевальный зал'),
(2, 'Спортивный зал'),
(3, 'Ледовый зал'),
(4, 'Конференц зал'),
(5, 'Йога'),
(6, 'Единоборства'),
(7, 'Акробатика');

-- --------------------------------------------------------

--
-- Структура таблицы `contacts`
--

CREATE TABLE IF NOT EXISTS `contacts` (
  `id` int(11) NOT NULL,
  `name` varchar(255) DEFAULT NULL,
  `email` varchar(45) DEFAULT NULL,
  `phone` varchar(45) DEFAULT NULL,
  `user_id` int(11) NOT NULL
) ENGINE=InnoDB AUTO_INCREMENT=179 DEFAULT CHARSET=utf8;

--
-- Дамп данных таблицы `contacts`
--

INSERT INTO `contacts` (`id`, `name`, `email`, `phone`, `user_id`) VALUES
(1, '', '', '79522234322', 2),
(2, '', '', '79626962222', 2),
(3, '', '', '79112494689', 2),
(4, '', '', '79062473419', 2),
(5, '', '', '79213413047', 2),
(6, '', '', '79119227468', 2),
(7, '', '', '79119909395', 2),
(8, '', '', '79052535923', 2),
(9, '', '', '79052535923', 2),
(10, '', '', '79219435884', 2),
(11, '', '', '79211872620', 2),
(12, '', '', '79111573454', 2),
(13, '', '', '79602365546', 2),
(14, '', '', '79219441608', 2),
(15, '', '', '79112608025', 2),
(16, '', '', '79219778789', 2),
(17, '', '', '79312515775', 2),
(18, '', '', '79219563938', 2),
(19, '', '', '79215553969', 2),
(20, '', '', '79219514221', 2),
(21, '', '', '79213910522', 2),
(22, '', '', '89052006040', 2),
(23, '', '', '89216517228', 2),
(24, 'Владимир', '', '89119273031', 2),
(25, 'Танцевальная студия Gloss', '', '89219694824', 2),
(26, 'Танцевальная студия Gloss', '', '89219694824', 2),
(27, 'Динара', '', '89112608025', 2),
(28, 'Юлия Викторовна', '', '9232241', 2),
(29, 'Алёна', '', '89095889483', 2),
(30, 'София Джуробаева', '', '89312515775', 2),
(31, 'София Джуробаева', '', '89312515775', 2),
(32, 'София Джуробаева', '', '89312515775', 2),
(33, 'Александра', '', '89119428312', 2),
(34, 'Елена', '', '89117770773', 2),
(35, 'Александр', '', '89215992334', 2),
(36, '', '', '89119233840', 2),
(37, '', '', '89052535923', 2),
(38, '', '', '89052535923', 2),
(39, 'Юрий', '', '89118274785', 2),
(40, '', '', '89052052210', 2),
(41, '', '', '89062473419', 2),
(42, 'Печатный Двор', '', '89522234322', 2),
(43, 'Печатный Двор', '', '89522234322', 2),
(44, 'Печатный Двор', '', '89522234322', 2),
(45, 'Печатный Двор', '', '89522234322', 2),
(46, 'Печатный Двор', '', '89522234322', 2),
(47, 'Печатный Двор', '', '89522234322', 2),
(48, 'Печатный Двор', '', '89522234322', 2),
(49, 'Печатный Двор', '', '89522234322', 2),
(50, 'Печатный Двор', '', '89522234322', 2),
(51, 'Печатный Двор', '', '89522234322', 2),
(52, 'Марина', '', '89219518501', 2),
(53, 'Светлана', '', '89119202412', 2),
(54, 'Светлана', '', '89119202412', 2),
(55, 'Петрова Ольга', '', '89643822922', 2),
(56, 'Алиса', '', '89523579661', 2),
(57, 'Светлана', '', '89052673596', 2),
(58, 'СТК Экспромт', '', '9210376', 2),
(59, 'СТК Экспромт', '', '9210376', 2),
(60, 'СТК Экспромт', '', '9210376', 2),
(61, 'Юлия', '', '89046405097', 2),
(62, 'Юлия', '', '89046405097', 2),
(63, 'Студия Монте-Карло', '', '89219514695', 2),
(64, 'Студия Монте-Карло', '', '89219514695', 2),
(65, '', '', '89219501012', 2),
(66, '', '', '89219501012', 2),
(67, '', '', '89219501012', 2),
(68, 'Форсаж (танц. студия)', '', '89218948595', 2),
(69, 'Форсаж (танц. студия)', '', '89218948595', 2),
(70, 'Форсаж (танц. студия)', '', '89218948595', 2),
(71, 'Фитнес Хаус', '', '6100606', 2),
(72, 'Семейный центр "Дом лета"', '', '9514221', 2),
(73, 'Семейный центр "Дом лета"', '', '9514221', 2),
(74, 'Семейный центр "Дом лета"', '', '9514221', 2),
(75, 'Фитнес Хаус', '', '6100606', 2),
(76, 'Фитнес Хаус', '', '6100606', 2),
(77, 'ImpressDance', '', '401-48-68', 2),
(78, 'ImpressDance', '', '401-48-68', 2),
(79, 'Фитнес Хаус', '', '6100606', 2),
(80, 'Фитнес Хаус', '', '6100606', 2),
(81, 'спортклуб Олимп Фитнес', '', '9866915', 2),
(82, 'Спортивно-танцевальный центр "Ника"', '', '89118420507, 9546605', 2),
(83, '', '', '89500160070', 2),
(84, '', '', '89500160070', 2),
(85, 'Владимир', '', '89045599000, 3569402', 2),
(86, '', '', '89217536126', 2),
(87, '', '', '9514221, 9514887', 2),
(88, '', '', '9514221, 9514887', 2),
(89, '', '', '9514221, 9514887', 2),
(90, '', '', ' - ', 2),
(91, '', '', '89215823774', 2),
(92, 'Танцевальная студива Expression', '', '4480729', 2),
(93, 'Танцевальная студива Expression', '', '4480729', 2),
(94, 'Танцевальная студива Expression', '', '4480729', 2),
(95, 'SOUL BEAT', '', '9884838', 2),
(96, 'SOUL BEAT', '', '9884838', 2),
(97, '', '', '89213762462', 2),
(98, '', '', '9360038', 2),
(99, '', '', '9360038', 2),
(100, '', '', '9360038', 2),
(101, '', '', '9360038', 2),
(102, 'ТРИУМФ', '', '9237170', 2),
(103, 'ТРИУМФ', '', '9566549', 2),
(104, 'ТРИУМФ', '', '9566549', 2),
(105, 'ТРИУМФ', '', '9566549', 2),
(106, 'ТРИУМФ', '', '9566549', 2),
(107, 'FLAT 19', '', '9158284', 2),
(108, 'FLAT 19', '', '9158284', 2),
(109, 'КОНТРАСТ', '', '89213932328, 89213649318', 2),
(110, 'КОНТРАСТ', '', '89213932328, 89213649318', 2),
(111, 'VALERY LAB', '', '9837383', 2),
(112, 'VALERY LAB', '', '9837383', 2),
(113, 'Людмила (CEILI CLUB)', '', '89213636693', 2),
(114, 'КВАРТАЛ ТАНГО', '', '89110163716', 2),
(115, 'Алиса (ЭЙФОРИЯ)', '', '89213718259', 2),
(116, 'Алиса (ЭЙФОРИЯ)', '', '89213718259', 2),
(117, '', '', '947-50-24', 2),
(118, 'Фитнес Хаус', '', '6100606', 2),
(119, 'Фитнес Хаус', '', '6100606', 2),
(120, 'Фитнес Хаус', '', '6100606', 2),
(121, 'Фитнес Хаус', '', '6100606', 2),
(122, '"Арт-клуб ""Прямой эфир"""', '', '79616076440', 2),
(123, '', '', '79516770357', 2),
(124, '"""Академия Успешного Человека"""', '', '79219106947', 2),
(125, '', '', '79111417233', 2),
(126, '', '', '79213440936', 2),
(127, 'Конгресс-холл', '', '2453737, 9707331', 2),
(128, 'Конгресс-холл', '', '2453737, 9707331', 2),
(129, '', '', '79046152635', 2),
(130, '', '', '79046152635', 2),
(131, 'LOFT your MIND', '', '79117184080', 2),
(132, 'Азимут hotels', '', '7 (812) 740-26-40', 2),
(133, 'Азимут hotels', '', '7 (812) 740-26-40', 2),
(134, 'Азимут hotels', '', '7 (812) 740-26-40', 2),
(135, 'Азимут hotels', '', '7 (812) 740-26-40', 2),
(136, 'Азимут hotels', '', '7 (812) 740-26-40', 2),
(137, 'Азимут hotels', '', '7 (812) 740-26-40', 2),
(138, 'Азимут hotels', '', '7 (812) 740-26-40', 2),
(139, 'Азимут hotels', '', '7 (812) 740-26-40', 2),
(140, 'Азимут hotels', '', '7 (812) 740-26-40', 2),
(141, 'Азимут hotels', '', '7 (812) 740-26-40', 2),
(142, 'Азимут hotels', '', '7 (812) 740-26-40', 2),
(143, 'Азимут hotels', '', '7 (812) 740-26-40', 2),
(144, 'Азимут hotels', '', '7 (812) 740-26-40', 2),
(145, 'Азимут hotels', '', '7 (812) 740-26-40', 2),
(146, 'Азимут hotels', '', '7 (812) 740-26-40', 2),
(147, 'Азимут hotels', '', '7 (812) 740-26-40', 2),
(148, 'Азимут hotels', '', '7 (812) 740-26-40', 2),
(149, 'Азимут hotels', '', '7 (812) 740-26-40', 2),
(150, 'Азимут hotels', '', '7 (812) 740-26-40', 2),
(151, 'Азимут hotels', '', '7 (812) 740-26-40', 2),
(152, 'Азимут hotels', '', '7 (812) 740-26-40', 2),
(153, 'Азимут hotels', '', '7 (812) 740-26-40', 2),
(154, 'Ледовый дворец', '', '7186620', 2),
(155, 'Ледовая арена ЦСВР', '', '3226965', 2),
(156, 'Ледовая арена МРК "Таврический сад"', '', '79112838646', 2),
(157, 'зал "Олимпийские надежды"', '', '89013171947', 2),
(158, '"Ледовая арена СК ""Обуховский"""', '', '3620474', 2),
(159, '"Ледовая арена ""Игора"""', '', '9600055', 2),
(160, '"Спортивный дворец ""Хоккейный"""', '', '79219175077', 2),
(161, '', 'office@estadiogroup.ru', '9972747', 2),
(162, '', 'office@estadiogroup.ru', '9972747', 2),
(163, '', 'svoe@spbpole.ru', '', 2),
(164, '', 'ligovsky.spb@yandex.ru', '79213179040', 2),
(165, '', '', '79111792444', 2),
(166, '', '', '9529919', 2),
(167, '', '', '9529919', 2),
(168, '', '', '', 2),
(169, '', '', '4078585', 2),
(170, '', '', '3334720', 2),
(171, '', '', '3750520', 2),
(172, '', '', '3750520', 2),
(173, '', '', '3750520', 2),
(174, '', '', '3750520', 2),
(175, '', '', '', 2),
(176, 'Юлия Викторовна', '', '9232241', 2),
(177, 'Фитнес Хаус', '', '6100606', 2),
(178, 'Тестер', 'test@sup.ru', '79112494689', 2);

-- --------------------------------------------------------

--
-- Структура таблицы `district`
--

CREATE TABLE IF NOT EXISTS `district` (
  `id` int(11) NOT NULL,
  `name` varchar(255) DEFAULT NULL,
  `town_id` int(11) NOT NULL,
  `category_id` int(11) NOT NULL
) ENGINE=InnoDB AUTO_INCREMENT=20 DEFAULT CHARSET=utf8;

--
-- Дамп данных таблицы `district`
--

INSERT INTO `district` (`id`, `name`, `town_id`, `category_id`) VALUES
(1, 'Адмиралтейский', 1, 1),
(2, 'Василеостровский', 1, 1),
(3, 'Всеволожский', 1, 2),
(4, 'Выборгский', 1, 2),
(5, 'Калининский', 1, 1),
(6, 'Кировский', 1, 2),
(7, 'Колпинский', 1, 1),
(8, 'Красногвардейский', 1, 1),
(9, 'Красносельский', 1, 1),
(10, 'Кронштадтский', 1, 1),
(11, 'Курортный', 1, 1),
(12, 'Московский', 1, 1),
(13, 'Невский', 1, 1),
(14, 'Петроградский', 1, 1),
(15, 'Петродворцовый', 1, 1),
(16, 'Приморский', 1, 1),
(17, 'Пушкинский', 1, 1),
(18, 'Фрунзенский', 1, 1),
(19, 'Центральный', 1, 1);

-- --------------------------------------------------------

--
-- Структура таблицы `district_category`
--

CREATE TABLE IF NOT EXISTS `district_category` (
  `id` int(11) NOT NULL,
  `name` varchar(255) DEFAULT NULL
) ENGINE=InnoDB AUTO_INCREMENT=3 DEFAULT CHARSET=utf8;

--
-- Дамп данных таблицы `district_category`
--

INSERT INTO `district_category` (`id`, `name`) VALUES
(1, 'Санкт-Петербург'),
(2, 'Ленобласть');

-- --------------------------------------------------------

--
-- Структура таблицы `floor`
--

CREATE TABLE IF NOT EXISTS `floor` (
  `id` int(11) NOT NULL,
  `name` varchar(45) DEFAULT NULL
) ENGINE=InnoDB AUTO_INCREMENT=13 DEFAULT CHARSET=utf8;

--
-- Дамп данных таблицы `floor`
--

INSERT INTO `floor` (`id`, `name`) VALUES
(1, 'Линолеум'),
(2, 'Ламинат'),
(4, 'Паркет'),
(5, 'Винил'),
(6, 'Татами'),
(7, ''),
(8, 'Искусственный газон'),
(9, 'Натуральный газон'),
(11, 'Резиновое покрытие'),
(12, 'Спортивное покрытие');

-- --------------------------------------------------------

--
-- Структура таблицы `hall`
--

CREATE TABLE IF NOT EXISTS `hall` (
  `id` int(11) NOT NULL,
  `name` varchar(255) DEFAULT NULL,
  `attribs` mediumtext,
  `square` int(11) DEFAULT '0',
  `favourite` int(11) DEFAULT '0',
  `comments` mediumtext,
  `created_at` int(11) NOT NULL,
  `updated_at` int(11) NOT NULL,
  `status` int(11) NOT NULL DEFAULT '1',
  `public` tinyint(1) DEFAULT '1',
  `deleted` tinyint(1) DEFAULT '0',
  `floor_id` int(11) NOT NULL,
  `price_id` int(11) NOT NULL,
  `address_id` int(11) NOT NULL,
  `category_id` int(11) NOT NULL,
  `contacts_id` int(11) NOT NULL
) ENGINE=InnoDB AUTO_INCREMENT=178 DEFAULT CHARSET=utf8;

--
-- Дамп данных таблицы `hall`
--

INSERT INTO `hall` (`id`, `name`, `attribs`, `square`, `favourite`, `comments`, `created_at`, `updated_at`, `status`, `public`, `deleted`, `floor_id`, `price_id`, `address_id`, `category_id`, `contacts_id`) VALUES
(1, 'Чкаловский, д.15', '{"images":[{"original":"uploads\\/hall\\/YCdUXHM6igQSpKBMo4XXiNpdch4jShyE.jpg","thumbnail":"uploads\\/hall\\/th_YCdUXHM6igQSpKBMo4XXiNpdch4jShyE.jpg","slide":"uploads\\/hall\\/slide_YCdUXHM6igQSpKBMo4XXiNpdch4jShyE.jpg"},{"original":"uploads\\/hall\\/kDHq5-BmWdkmupyuyUqvYc7zR7O0s8BU.jpg","thumbnail":"uploads\\/hall\\/th_kDHq5-BmWdkmupyuyUqvYc7zR7O0s8BU.jpg","slide":"uploads\\/hall\\/slide_kDHq5-BmWdkmupyuyUqvYc7zR7O0s8BU.jpg"}],"geocode":"[\\"59.9626638\\",\\"30.2957918\\"]"}', 35, 1, '', 1432641783, 1434027699, 1, 1, 0, 1, 2, 2, 1, 1),
(2, 'Планерная, д.20', '{"images":[{"thumbnail":"uploads\\/hall\\/thumbnail_fLaWZP2UHCFgPiXD2INnROpp9lQBkjjw.jpg","slide":"uploads\\/hall\\/slide_fLaWZP2UHCFgPiXD2INnROpp9lQBkjjw.jpg","original":"uploads\\/hall\\/fLaWZP2UHCFgPiXD2INnROpp9lQBkjjw.jpg"},{"thumbnail":"uploads\\/hall\\/thumbnail_wJrMg8fsE4bFRrPw5_8pkWkfTVr6Gq17.jpg","slide":"uploads\\/hall\\/slide_wJrMg8fsE4bFRrPw5_8pkWkfTVr6Gq17.jpg","original":"uploads\\/hall\\/wJrMg8fsE4bFRrPw5_8pkWkfTVr6Gq17.jpg"},{"thumbnail":"uploads\\/hall\\/thumbnail_B7FXwWSD9JoLflOXyyudhrXPJtXlagfS.jpg","slide":"uploads\\/hall\\/slide_B7FXwWSD9JoLflOXyyudhrXPJtXlagfS.jpg","original":"uploads\\/hall\\/B7FXwWSD9JoLflOXyyudhrXPJtXlagfS.jpg"},{"thumbnail":"uploads\\/hall\\/thumbnail_NY2DpW6Nx5ZtTJ3UOPPcqAVb_KGGMGPR.jpg","slide":"uploads\\/hall\\/slide_NY2DpW6Nx5ZtTJ3UOPPcqAVb_KGGMGPR.jpg","original":"uploads\\/hall\\/NY2DpW6Nx5ZtTJ3UOPPcqAVb_KGGMGPR.jpg"},{"thumbnail":"uploads\\/hall\\/thumbnail_Iclez4WWvb4aMI9SOvDWONqPJtACuXxy.jpg","slide":"uploads\\/hall\\/slide_Iclez4WWvb4aMI9SOvDWONqPJtACuXxy.jpg","original":"uploads\\/hall\\/Iclez4WWvb4aMI9SOvDWONqPJtACuXxy.jpg"},{"thumbnail":"uploads\\/hall\\/thumbnail_Uj43xJrewHuHk2fxtRcR6hBjXriVO_F7.jpg","slide":"uploads\\/hall\\/slide_Uj43xJrewHuHk2fxtRcR6hBjXriVO_F7.jpg","original":"uploads\\/hall\\/Uj43xJrewHuHk2fxtRcR6hBjXriVO_F7.jpg"},{"thumbnail":"uploads\\/hall\\/thumbnail_X02cPJBoF2c8DdXoNOHJ1aIAWZahSRVb.jpg","slide":"uploads\\/hall\\/slide_X02cPJBoF2c8DdXoNOHJ1aIAWZahSRVb.jpg","original":"uploads\\/hall\\/X02cPJBoF2c8DdXoNOHJ1aIAWZahSRVb.jpg"},{"thumbnail":"uploads\\/hall\\/thumbnail_oBf9gFoAks3s_wp87MHc2SaY8V2SoRxf.jpg","slide":"uploads\\/hall\\/slide_oBf9gFoAks3s_wp87MHc2SaY8V2SoRxf.jpg","original":"uploads\\/hall\\/oBf9gFoAks3s_wp87MHc2SaY8V2SoRxf.jpg"},{"thumbnail":"uploads\\/hall\\/thumbnail_rsFVhEi59U-yNmMKAcUMalfQy7q78SYR.jpg","slide":"uploads\\/hall\\/slide_rsFVhEi59U-yNmMKAcUMalfQy7q78SYR.jpg","original":"uploads\\/hall\\/rsFVhEi59U-yNmMKAcUMalfQy7q78SYR.jpg"}],"geocode":"[\\"59.9626638\\",\\"30.2957918\\"]"}', 35, 1, '', 1432642186, 1433847781, 1, 1, 0, 5, 3, 3, 1, 2),
(3, 'Казанская, д.7', '{"images":[{"original":"uploads\\/noimage.jpg","thumbnail":"uploads\\/th_noimage.jpg","slide":"uploads\\/slide_noimage.jpg"}],"geocode":"[\\"59.9626638\\",\\"30.2957918\\"]"}', 50, 1, '', 1432642445, 1432642445, 1, 1, 0, 1, 4, 4, 1, 3),
(4, 'Звенигородская, д.11', '{"images":[{"original":"uploads\\/noimage.jpg","thumbnail":"uploads\\/th_noimage.jpg","slide":"uploads\\/slide_noimage.jpg"}],"geocode":"[\\"59.9626638\\",\\"30.2957918\\"]"}', 75, 1, '', 1432642637, 1432642637, 1, 1, 0, 1, 5, 5, 1, 4),
(5, 'Обводного канала, д.134, к.3', '{"images":[{"original":"uploads\\/noimage.jpg","thumbnail":"uploads\\/th_noimage.jpg","slide":"uploads\\/slide_noimage.jpg"}],"geocode":"[\\"59.9626638\\",\\"30.2957918\\"]"}', 35, 1, '', 1432647746, 1432647746, 1, 1, 0, 2, 6, 6, 1, 5),
(6, 'Стародеревенская ул., д.34, к.1', '{"images":[{"original":"uploads\\/noimage.jpg","thumbnail":"uploads\\/th_noimage.jpg","slide":"uploads\\/slide_noimage.jpg"}],"geocode":"[\\"59.9626638\\",\\"30.2957918\\"]"}', 62, 1, 'маты, степы', 1432647746, 1432647746, 1, 1, 0, 1, 7, 7, 1, 6),
(7, 'Банковский переулок, д.3', '{"images":[{"original":"uploads\\/noimage.jpg","thumbnail":"uploads\\/th_noimage.jpg","slide":"uploads\\/slide_noimage.jpg"}],"geocode":"[\\"59.9626638\\",\\"30.2957918\\"]"}', 0, 1, '', 1432647746, 1432647746, 1, 1, 0, 2, 8, 8, 1, 7),
(8, 'Казанская ул., д.', '{"images":[{"original":"uploads\\/noimage.jpg","thumbnail":"uploads\\/th_noimage.jpg","slide":"uploads\\/slide_noimage.jpg"}],"geocode":"[\\"59.9626638\\",\\"30.2957918\\"]"}', 60, 1, 'ауд.: 515, 516 и 517', 1432647746, 1432647746, 1, 1, 0, 2, 9, 9, 1, 8),
(9, 'Большая Пушкарская ул., д.35', '{"images":[{"original":"uploads\\/noimage.jpg","thumbnail":"uploads\\/th_noimage.jpg","slide":"uploads\\/slide_noimage.jpg"}],"geocode":"[\\"59.9626638\\",\\"30.2957918\\"]"}', 0, 1, 'ауд.: 418 и 517', 1432647746, 1432647746, 1, 1, 0, 1, 10, 10, 1, 9),
(10, 'пр. Солидарности, д.9, к.3', '{"images":[],"geocode":"[\\"59.9626638\\",\\"30.2957918\\"]"}', 30, 0, 'фитболы', 1432647746, 1433770401, 1, 1, 0, 2, 11, 11, 1, 10),
(11, 'Мытнинская ул., д.15', '{"images":[{"original":"uploads\\/noimage.jpg","thumbnail":"uploads\\/th_noimage.jpg","slide":"uploads\\/slide_noimage.jpg"}],"geocode":"[\\"59.9626638\\",\\"30.2957918\\"]"}', 80, 0, '', 1432647746, 1432647746, 1, 1, 0, 1, 12, 12, 1, 11),
(12, 'Ефимова ул., д.4', '{"images":[{"original":"uploads\\/noimage.jpg","thumbnail":"uploads\\/th_noimage.jpg","slide":"uploads\\/slide_noimage.jpg"}],"geocode":"[\\"59.9626638\\",\\"30.2957918\\"]"}', 72, 0, '', 1432647746, 1432647746, 1, 1, 0, 2, 13, 13, 1, 12),
(13, 'Кузнечный переулок, д.6', '{"images":[{"original":"uploads\\/noimage.jpg","thumbnail":"uploads\\/th_noimage.jpg","slide":"uploads\\/slide_noimage.jpg"}],"geocode":"[\\"59.9626638\\",\\"30.2957918\\"]"}', 0, 0, 'проектор, стулья, мешки-кресла, большой зал разделяется ролетами на два', 1432647746, 1432647746, 1, 1, 0, 1, 14, 14, 1, 13),
(14, 'Чайковского ул., д.', '{"images":[{"original":"uploads\\/noimage.jpg","thumbnail":"uploads\\/th_noimage.jpg","slide":"uploads\\/slide_noimage.jpg"}],"geocode":"[\\"59.9626638\\",\\"30.2957918\\"]"}', 0, 0, '', 1432647746, 1432647746, 1, 1, 0, 1, 15, 15, 1, 14),
(15, 'пр. Стачек, д.138', '{"images":[{"original":"uploads\\/noimage.jpg","thumbnail":"uploads\\/th_noimage.jpg","slide":"uploads\\/slide_noimage.jpg"}],"geocode":"[\\"59.9626638\\",\\"30.2957918\\"]"}', 45, 0, '', 1432647746, 1432647746, 1, 1, 0, 1, 16, 16, 1, 15),
(16, 'Большой Проспект ВО, д.89', '{"images":[{"original":"uploads\\/noimage.jpg","thumbnail":"uploads\\/th_noimage.jpg","slide":"uploads\\/slide_noimage.jpg"}],"geocode":"[\\"59.9626638\\",\\"30.2957918\\"]"}', 0, 0, '', 1432647746, 1432647746, 1, 1, 0, 1, 17, 17, 1, 16),
(17, 'Кузнецовская ул., д.22', '{"images":[{"original":"uploads\\/noimage.jpg","thumbnail":"uploads\\/th_noimage.jpg","slide":"uploads\\/slide_noimage.jpg"}],"geocode":"[\\"59.9626638\\",\\"30.2957918\\"]"}', 0, 0, '', 1432647746, 1432647746, 1, 1, 0, 1, 18, 18, 1, 17),
(18, 'пр. Юрия Гагарина, д.19', '{"images":[{"original":"uploads\\/noimage.jpg","thumbnail":"uploads\\/th_noimage.jpg","slide":"uploads\\/slide_noimage.jpg"}],"geocode":"[\\"59.9626638\\",\\"30.2957918\\"]"}', 0, 0, 'кофемашина, солярий', 1432647746, 1432647746, 1, 1, 0, 1, 19, 19, 1, 18),
(19, 'Казначейская ул., д.2', '{"images":[{"original":"uploads\\/noimage.jpg","thumbnail":"uploads\\/th_noimage.jpg","slide":"uploads\\/slide_noimage.jpg"}],"geocode":"[\\"59.9626638\\",\\"30.2957918\\"]"}', 0, 0, '', 1432647746, 1432647746, 1, 1, 0, 2, 20, 20, 1, 19),
(20, 'пр. Обуховской обороны, д.72', '{"images":[{"original":"uploads\\/noimage.jpg","thumbnail":"uploads\\/th_noimage.jpg","slide":"uploads\\/slide_noimage.jpg"}],"geocode":"[\\"59.9626638\\",\\"30.2957918\\"]"}', 0, 0, '', 1432647746, 1432647746, 1, 1, 0, 1, 21, 21, 1, 20),
(21, 'Лиговский пр., д.115', '{"images":[{"original":"uploads\\/noimage.jpg","thumbnail":"uploads\\/th_noimage.jpg","slide":"uploads\\/slide_noimage.jpg"}],"geocode":"[\\"59.9626638\\",\\"30.2957918\\"]"}', 0, 0, '', 1432647746, 1432647746, 1, 1, 0, 1, 22, 22, 1, 21),
(22, 'Большая Пушкарская ул., д.20', '{"images":[{"original":"uploads\\/noimage.jpg","thumbnail":"uploads\\/th_noimage.jpg","slide":"uploads\\/slide_noimage.jpg"}],"geocode":"[\\"59.9626638\\",\\"30.2957918\\"]"}', 110, 0, '', 1432647746, 1432647746, 1, 1, 0, 1, 23, 23, 1, 22),
(23, 'Казанская ул., д.7', '{"images":[{"original":"uploads\\/noimage.jpg","thumbnail":"uploads\\/th_noimage.jpg","slide":"uploads\\/slide_noimage.jpg"}],"geocode":"[\\"59.9626638\\",\\"30.2957918\\"]"}', 80, 0, '', 1432647746, 1432647746, 1, 1, 0, 1, 24, 24, 1, 23),
(24, 'Лесной пр., д.59/7', '{"images":[{"original":"uploads\\/noimage.jpg","thumbnail":"uploads\\/th_noimage.jpg","slide":"uploads\\/slide_noimage.jpg"}],"geocode":"[\\"59.9626638\\",\\"30.2957918\\"]"}', 65, 0, '', 1432647746, 1432647746, 1, 1, 0, 4, 25, 25, 1, 24),
(25, 'Светлановский пр., д.54В', '{"images":[{"original":"uploads\\/noimage.jpg","thumbnail":"uploads\\/th_noimage.jpg","slide":"uploads\\/slide_noimage.jpg"}],"geocode":"[\\"59.9626638\\",\\"30.2957918\\"]"}', 40, 0, '', 1432647746, 1432647746, 1, 1, 0, 2, 26, 26, 1, 25),
(26, 'Светлановский пр., д.54В', '{"images":[{"original":"uploads\\/noimage.jpg","thumbnail":"uploads\\/th_noimage.jpg","slide":"uploads\\/slide_noimage.jpg"}],"geocode":"[\\"59.9626638\\",\\"30.2957918\\"]"}', 70, 0, '', 1432647746, 1432647746, 1, 1, 0, 2, 27, 27, 1, 26),
(27, 'пр. Стачек, д.138', '{"images":[{"original":"uploads\\/noimage.jpg","thumbnail":"uploads\\/th_noimage.jpg","slide":"uploads\\/slide_noimage.jpg"}],"geocode":"[\\"59.9626638\\",\\"30.2957918\\"]"}', 45, 0, '', 1432647746, 1432647746, 1, 1, 0, 1, 28, 28, 1, 27),
(28, 'ул.Васи Алексеева, д.9, к.1', '{"images":[{"original":"uploads\\/noimage.jpg","thumbnail":"uploads\\/th_noimage.jpg","slide":"uploads\\/slide_noimage.jpg"}],"geocode":"[\\"59.9626638\\",\\"30.2957918\\"]"}', 69, 0, '', 1432647746, 1432647746, 1, 1, 0, 2, 29, 29, 1, 28),
(29, 'пр. Стачек, д.111', '{"images":[{"original":"uploads\\/noimage.jpg","thumbnail":"uploads\\/th_noimage.jpg","slide":"uploads\\/slide_noimage.jpg"}],"geocode":"[\\"59.9626638\\",\\"30.2957918\\"]"}', 40, 0, '', 1432647746, 1432647746, 1, 1, 0, 1, 30, 30, 1, 29),
(30, 'ул. Кузнецовская, д.22', '{"images":[{"original":"uploads\\/noimage.jpg","thumbnail":"uploads\\/th_noimage.jpg","slide":"uploads\\/slide_noimage.jpg"}],"geocode":"[\\"59.9626638\\",\\"30.2957918\\"]"}', 30, 0, '', 1432647746, 1432647746, 1, 1, 0, 1, 31, 31, 1, 30),
(31, 'ул. Кузнецовская, д.22', '{"images":[{"original":"uploads\\/noimage.jpg","thumbnail":"uploads\\/th_noimage.jpg","slide":"uploads\\/slide_noimage.jpg"}],"geocode":"[\\"59.9626638\\",\\"30.2957918\\"]"}', 35, 0, '', 1432647746, 1432647746, 1, 1, 0, 1, 32, 32, 1, 31),
(32, 'ул. Кузнецовская, д.22', '{"images":[{"original":"uploads\\/noimage.jpg","thumbnail":"uploads\\/th_noimage.jpg","slide":"uploads\\/slide_noimage.jpg"}],"geocode":"[\\"59.9626638\\",\\"30.2957918\\"]"}', 50, 0, '', 1432647746, 1432647746, 1, 1, 0, 1, 33, 33, 1, 32),
(33, 'ул. Иркутская, д.4А', '{"images":[{"original":"uploads\\/noimage.jpg","thumbnail":"uploads\\/th_noimage.jpg","slide":"uploads\\/slide_noimage.jpg"}],"geocode":"[\\"59.9626638\\",\\"30.2957918\\"]"}', 30, 0, '', 1432647746, 1432647746, 1, 1, 0, 1, 34, 34, 1, 33),
(34, 'Лиговский пр., д.254', '{"images":[{"original":"uploads\\/noimage.jpg","thumbnail":"uploads\\/th_noimage.jpg","slide":"uploads\\/slide_noimage.jpg"}],"geocode":"[\\"59.9626638\\",\\"30.2957918\\"]"}', 64, 0, '', 1432647746, 1432647746, 1, 1, 0, 1, 35, 35, 1, 34),
(35, 'Большая Пушкарская ул., д.8', '{"images":[{"original":"uploads\\/noimage.jpg","thumbnail":"uploads\\/th_noimage.jpg","slide":"uploads\\/slide_noimage.jpg"}],"geocode":"[\\"59.9626638\\",\\"30.2957918\\"]"}', 60, 0, '', 1432647746, 1432647746, 1, 1, 0, 4, 36, 36, 1, 35),
(36, 'ул. Мира, д.3', '{"images":[{"original":"uploads\\/noimage.jpg","thumbnail":"uploads\\/th_noimage.jpg","slide":"uploads\\/slide_noimage.jpg"}],"geocode":"[\\"59.9626638\\",\\"30.2957918\\"]"}', 66, 0, '"БЦ ""Троицкий"", оф. 328"', 1432647746, 1432647746, 1, 1, 0, 1, 37, 37, 1, 36),
(37, 'ул. Мира, д.3', '{"images":[{"original":"uploads\\/noimage.jpg","thumbnail":"uploads\\/th_noimage.jpg","slide":"uploads\\/slide_noimage.jpg"}],"geocode":"[\\"59.9626638\\",\\"30.2957918\\"]"}', 50, 0, '', 1432647746, 1432647746, 1, 1, 0, 1, 38, 38, 1, 37),
(38, 'ул. Мира, д.3', '{"images":[{"original":"uploads\\/noimage.jpg","thumbnail":"uploads\\/th_noimage.jpg","slide":"uploads\\/slide_noimage.jpg"}],"geocode":"[\\"59.9626638\\",\\"30.2957918\\"]"}', 70, 0, '', 1432647746, 1432647746, 1, 1, 0, 1, 39, 39, 1, 38),
(39, 'Чкаловский пр., д.15', '{"images":[{"original":"uploads\\/noimage.jpg","thumbnail":"uploads\\/th_noimage.jpg","slide":"uploads\\/slide_noimage.jpg"}],"geocode":"[\\"59.9626638\\",\\"30.2957918\\"]"}', 100, 0, '', 1432647746, 1432647746, 1, 1, 0, 1, 40, 40, 1, 39),
(40, 'Чкаловский пр., д.15', '{"images":[{"original":"uploads\\/noimage.jpg","thumbnail":"uploads\\/th_noimage.jpg","slide":"uploads\\/slide_noimage.jpg"}],"geocode":"[\\"59.9626638\\",\\"30.2957918\\"]"}', 150, 0, '', 1432647746, 1432647746, 1, 1, 0, 2, 41, 41, 1, 40),
(41, 'Чкаловский пр., д.15', '{"images":[{"original":"uploads\\/noimage.jpg","thumbnail":"uploads\\/th_noimage.jpg","slide":"uploads\\/slide_noimage.jpg"}],"geocode":"[\\"59.9626638\\",\\"30.2957918\\"]"}', 65, 0, '', 1432647746, 1432647746, 1, 1, 0, 1, 42, 42, 1, 41),
(42, 'Чкаловский пр., д.15', '{"images":[{"original":"uploads\\/noimage.jpg","thumbnail":"uploads\\/th_noimage.jpg","slide":"uploads\\/slide_noimage.jpg"}],"geocode":"[\\"59.9626638\\",\\"30.2957918\\"]"}', 60, 0, '', 1432647746, 1432647746, 1, 1, 0, 2, 43, 43, 1, 42),
(43, 'Чкаловский пр., д.15', '{"images":[{"original":"uploads\\/noimage.jpg","thumbnail":"uploads\\/th_noimage.jpg","slide":"uploads\\/slide_noimage.jpg"}],"geocode":"[\\"59.9626638\\",\\"30.2957918\\"]"}', 60, 0, '', 1432647746, 1432647746, 1, 1, 0, 2, 44, 44, 1, 43),
(44, 'Чкаловский пр., д.15', '{"images":[{"original":"uploads\\/noimage.jpg","thumbnail":"uploads\\/th_noimage.jpg","slide":"uploads\\/slide_noimage.jpg"}],"geocode":"[\\"59.9626638\\",\\"30.2957918\\"]"}', 65, 0, '', 1432647746, 1432647746, 1, 1, 0, 2, 45, 45, 1, 44),
(45, 'Чкаловский пр., д.15', '{"images":[{"original":"uploads\\/noimage.jpg","thumbnail":"uploads\\/th_noimage.jpg","slide":"uploads\\/slide_noimage.jpg"}],"geocode":"[\\"59.9626638\\",\\"30.2957918\\"]"}', 110, 0, '', 1432647746, 1432647746, 1, 1, 0, 2, 46, 46, 1, 45),
(46, 'Чкаловский пр., д.15', '{"images":[{"original":"uploads\\/noimage.jpg","thumbnail":"uploads\\/th_noimage.jpg","slide":"uploads\\/slide_noimage.jpg"}],"geocode":"[\\"59.9626638\\",\\"30.2957918\\"]"}', 100, 0, '', 1432647746, 1432647746, 1, 1, 0, 2, 47, 47, 1, 46),
(47, 'Чкаловский пр., д.15', '{"images":[{"original":"uploads\\/noimage.jpg","thumbnail":"uploads\\/th_noimage.jpg","slide":"uploads\\/slide_noimage.jpg"}],"geocode":"[\\"59.9626638\\",\\"30.2957918\\"]"}', 63, 0, '', 1432647746, 1432647746, 1, 1, 0, 2, 48, 48, 1, 47),
(48, 'Чкаловский пр., д.15', '{"images":[{"original":"uploads\\/noimage.jpg","thumbnail":"uploads\\/th_noimage.jpg","slide":"uploads\\/slide_noimage.jpg"}],"geocode":"[\\"59.9626638\\",\\"30.2957918\\"]"}', 65, 0, '', 1432647746, 1432647746, 1, 1, 0, 2, 49, 49, 1, 48),
(49, 'Чкаловский пр., д.15', '{"images":[{"original":"uploads\\/noimage.jpg","thumbnail":"uploads\\/th_noimage.jpg","slide":"uploads\\/slide_noimage.jpg"}],"geocode":"[\\"59.9626638\\",\\"30.2957918\\"]"}', 65, 0, '', 1432647746, 1432647746, 1, 1, 0, 2, 50, 50, 1, 49),
(50, 'Чкаловский пр., д.15', '{"images":[{"original":"uploads\\/noimage.jpg","thumbnail":"uploads\\/th_noimage.jpg","slide":"uploads\\/slide_noimage.jpg"}],"geocode":"[\\"59.9626638\\",\\"30.2957918\\"]"}', 100, 0, '', 1432647746, 1432647746, 1, 1, 0, 2, 51, 51, 1, 50),
(51, 'Чкаловский пр., д.15', '{"images":[{"original":"uploads\\/noimage.jpg","thumbnail":"uploads\\/th_noimage.jpg","slide":"uploads\\/slide_noimage.jpg"}],"geocode":"[\\"59.9626638\\",\\"30.2957918\\"]"}', 150, 0, '', 1432647746, 1432647746, 1, 1, 0, 2, 52, 52, 1, 51),
(52, 'Дибуновская ул., д.50', '{"images":[{"original":"uploads\\/noimage.jpg","thumbnail":"uploads\\/th_noimage.jpg","slide":"uploads\\/slide_noimage.jpg"}],"geocode":"[\\"59.9626638\\",\\"30.2957918\\"]"}', 90, 0, '', 1432647746, 1432647746, 1, 1, 0, 2, 53, 53, 1, 52),
(53, 'Лиговский пр., д.50, к.6', '{"images":[{"original":"uploads\\/noimage.jpg","thumbnail":"uploads\\/th_noimage.jpg","slide":"uploads\\/slide_noimage.jpg"}],"geocode":"[\\"59.9626638\\",\\"30.2957918\\"]"}', 30, 0, '', 1432647746, 1432647746, 1, 1, 0, 2, 54, 54, 1, 53),
(54, 'Лиговский пр., д.50, к.6', '{"images":[{"original":"uploads\\/noimage.jpg","thumbnail":"uploads\\/th_noimage.jpg","slide":"uploads\\/slide_noimage.jpg"}],"geocode":"[\\"59.9626638\\",\\"30.2957918\\"]"}', 100, 0, '', 1432647746, 1432647746, 1, 1, 0, 2, 55, 55, 1, 54),
(55, 'наб. Обводного канала, д.93а', '{"images":[{"original":"uploads\\/noimage.jpg","thumbnail":"uploads\\/th_noimage.jpg","slide":"uploads\\/slide_noimage.jpg"}],"geocode":"[\\"59.9626638\\",\\"30.2957918\\"]"}', 100, 0, '', 1432647746, 1432647746, 1, 1, 0, 1, 56, 56, 1, 55),
(56, 'ул. Рубинштейна, д.6', '{"images":[{"original":"uploads\\/noimage.jpg","thumbnail":"uploads\\/th_noimage.jpg","slide":"uploads\\/slide_noimage.jpg"}],"geocode":"[\\"59.9626638\\",\\"30.2957918\\"]"}', 40, 0, '', 1432647746, 1432647746, 1, 1, 0, 1, 57, 57, 1, 56),
(57, 'Невский пр., д.142/2', '{"images":[{"original":"uploads\\/noimage.jpg","thumbnail":"uploads\\/th_noimage.jpg","slide":"uploads\\/slide_noimage.jpg"}],"geocode":"[\\"59.9626638\\",\\"30.2957918\\"]"}', 60, 0, '', 1432647746, 1432647746, 1, 1, 0, 4, 58, 58, 1, 57),
(58, 'ул. Марата, д.47 - 49', '{"images":[{"original":"uploads\\/noimage.jpg","thumbnail":"uploads\\/th_noimage.jpg","slide":"uploads\\/slide_noimage.jpg"}],"geocode":"[\\"59.9626638\\",\\"30.2957918\\"]"}', 100, 0, 'вход во дворе со Свечного пер., 16', 1432647746, 1432647746, 1, 1, 0, 1, 59, 59, 1, 58),
(59, 'ул. Марата, д.47 - 49', '{"images":[{"original":"uploads\\/noimage.jpg","thumbnail":"uploads\\/th_noimage.jpg","slide":"uploads\\/slide_noimage.jpg"}],"geocode":"[\\"59.9626638\\",\\"30.2957918\\"]"}', 40, 0, 'вход во дворе со Свечного пер., 16', 1432647746, 1432647746, 1, 1, 0, 1, 60, 60, 1, 59),
(60, 'ул. Марата, д.47 - 49', '{"images":[{"original":"uploads\\/noimage.jpg","thumbnail":"uploads\\/th_noimage.jpg","slide":"uploads\\/slide_noimage.jpg"}],"geocode":"[\\"59.9626638\\",\\"30.2957918\\"]"}', 60, 0, 'вход во дворе со Свечного пер., 16', 1432647746, 1432647746, 1, 1, 0, 1, 61, 61, 1, 60),
(61, 'ул. Звенигородская, д.11', '{"images":[{"original":"uploads\\/noimage.jpg","thumbnail":"uploads\\/th_noimage.jpg","slide":"uploads\\/slide_noimage.jpg"}],"geocode":"[\\"59.9626638\\",\\"30.2957918\\"]"}', 110, 0, 'школа Shake City', 1432647746, 1432647746, 1, 1, 0, 1, 62, 62, 1, 61),
(62, 'ул. Чайковского, д.12', '{"images":[{"original":"uploads\\/noimage.jpg","thumbnail":"uploads\\/th_noimage.jpg","slide":"uploads\\/slide_noimage.jpg"}],"geocode":"[\\"59.9626638\\",\\"30.2957918\\"]"}', 0, 0, '', 1432647746, 1432647746, 1, 1, 0, 1, 63, 63, 1, 62),
(63, 'Невский пр., д.124', '{"images":[{"original":"uploads\\/noimage.jpg","thumbnail":"uploads\\/th_noimage.jpg","slide":"uploads\\/slide_noimage.jpg"}],"geocode":"[\\"59.9626638\\",\\"30.2957918\\"]"}', 65, 0, '', 1432647746, 1432647746, 1, 1, 0, 1, 64, 64, 1, 63),
(64, 'Невский пр., д.124', '{"images":[{"original":"uploads\\/noimage.jpg","thumbnail":"uploads\\/th_noimage.jpg","slide":"uploads\\/slide_noimage.jpg"}],"geocode":"[\\"59.9626638\\",\\"30.2957918\\"]"}', 40, 0, '', 1432647746, 1432647746, 1, 1, 0, 1, 65, 65, 1, 64),
(65, 'Суворовский пр., д.39', '{"images":[{"original":"uploads\\/noimage.jpg","thumbnail":"uploads\\/th_noimage.jpg","slide":"uploads\\/slide_noimage.jpg"}],"geocode":"[\\"59.9626638\\",\\"30.2957918\\"]"}', 100, 0, '', 1432647746, 1432647746, 1, 1, 0, 2, 66, 66, 1, 65),
(66, 'Суворовский пр., д.39', '{"images":[{"original":"uploads\\/noimage.jpg","thumbnail":"uploads\\/th_noimage.jpg","slide":"uploads\\/slide_noimage.jpg"}],"geocode":"[\\"59.9626638\\",\\"30.2957918\\"]"}', 50, 0, '', 1432647746, 1432647746, 1, 1, 0, 2, 67, 67, 1, 66),
(67, 'Суворовский пр., д.39', '{"images":[{"original":"uploads\\/noimage.jpg","thumbnail":"uploads\\/th_noimage.jpg","slide":"uploads\\/slide_noimage.jpg"}],"geocode":"[\\"59.9626638\\",\\"30.2957918\\"]"}', 20, 0, '', 1432647746, 1432647746, 1, 1, 0, 2, 68, 68, 1, 67),
(68, 'ул. Звенигородская, д.11', '{"images":[{"original":"uploads\\/noimage.jpg","thumbnail":"uploads\\/th_noimage.jpg","slide":"uploads\\/slide_noimage.jpg"}],"geocode":"[\\"59.9626638\\",\\"30.2957918\\"]"}', 98, 0, '', 1432647746, 1432647746, 1, 1, 0, 4, 69, 69, 1, 68),
(69, 'ул. Звенигородская, д.11', '{"images":[{"original":"uploads\\/noimage.jpg","thumbnail":"uploads\\/th_noimage.jpg","slide":"uploads\\/slide_noimage.jpg"}],"geocode":"[\\"59.9626638\\",\\"30.2957918\\"]"}', 45, 0, '', 1432647746, 1432647746, 1, 1, 0, 1, 70, 70, 1, 69),
(70, 'ул. Звенигородская, д.11', '{"images":[{"original":"uploads\\/noimage.jpg","thumbnail":"uploads\\/th_noimage.jpg","slide":"uploads\\/slide_noimage.jpg"}],"geocode":"[\\"59.9626638\\",\\"30.2957918\\"]"}', 35, 0, '', 1432647746, 1432647746, 1, 1, 0, 1, 71, 71, 1, 70),
(71, 'пр. Энгельса, д.33, к.1', '{"images":[{"original":"uploads\\/noimage.jpg","thumbnail":"uploads\\/th_noimage.jpg","slide":"uploads\\/slide_noimage.jpg"}],"geocode":"[\\"59.9626638\\",\\"30.2957918\\"]"}', 0, 0, '', 1432647746, 1432647746, 1, 1, 0, 4, 72, 72, 1, 71),
(72, 'пр. Обуховской Обороны, д.72', '{"images":[{"original":"uploads\\/noimage.jpg","thumbnail":"uploads\\/th_noimage.jpg","slide":"uploads\\/slide_noimage.jpg"}],"geocode":"[\\"59.9626638\\",\\"30.2957918\\"]"}', 151, 0, '', 1432647746, 1432647746, 1, 1, 0, 4, 73, 73, 1, 72),
(73, 'пр. Обуховской Обороны, д.72', '{"images":[{"original":"uploads\\/noimage.jpg","thumbnail":"uploads\\/th_noimage.jpg","slide":"uploads\\/slide_noimage.jpg"}],"geocode":"[\\"59.9626638\\",\\"30.2957918\\"]"}', 90, 0, '', 1432647746, 1432647746, 1, 1, 0, 1, 74, 74, 1, 73),
(74, 'пр. Обуховской Обороны, д.72', '{"images":[{"original":"uploads\\/noimage.jpg","thumbnail":"uploads\\/th_noimage.jpg","slide":"uploads\\/slide_noimage.jpg"}],"geocode":"[\\"59.9626638\\",\\"30.2957918\\"]"}', 33, 0, '', 1432647746, 1432647746, 1, 1, 0, 4, 75, 75, 1, 74),
(75, 'ул. Коллонтай, д.31, к.1', '{"images":[{"original":"uploads\\/noimage.jpg","thumbnail":"uploads\\/th_noimage.jpg","slide":"uploads\\/slide_noimage.jpg"}],"geocode":"[\\"59.9626638\\",\\"30.2957918\\"]"}', 0, 0, '', 1432647746, 1432647746, 1, 1, 0, 1, 76, 76, 1, 75),
(76, 'Пулковское ш., д.35', '{"images":[{"original":"uploads\\/noimage.jpg","thumbnail":"uploads\\/th_noimage.jpg","slide":"uploads\\/slide_noimage.jpg"}],"geocode":"[\\"59.9626638\\",\\"30.2957918\\"]"}', 0, 0, '', 1432647746, 1432647746, 1, 1, 0, 1, 77, 77, 1, 76),
(77, 'Аптекарская наб., д.20', '{"images":[{"original":"uploads\\/noimage.jpg","thumbnail":"uploads\\/th_noimage.jpg","slide":"uploads\\/slide_noimage.jpg"}],"geocode":"[\\"59.9626638\\",\\"30.2957918\\"]"}', 0, 0, '', 1432647746, 1432647746, 1, 1, 0, 4, 78, 78, 1, 77),
(78, 'Аптекарская наб., д.20', '{"images":[{"original":"uploads\\/noimage.jpg","thumbnail":"uploads\\/th_noimage.jpg","slide":"uploads\\/slide_noimage.jpg"}],"geocode":"[\\"59.9626638\\",\\"30.2957918\\"]"}', 0, 0, '', 1432647746, 1432647746, 1, 1, 0, 4, 79, 79, 1, 78),
(79, 'пр. Коломяжский, д.17', '{"images":[{"original":"uploads\\/noimage.jpg","thumbnail":"uploads\\/th_noimage.jpg","slide":"uploads\\/slide_noimage.jpg"}],"geocode":"[\\"59.9626638\\",\\"30.2957918\\"]"}', 0, 0, '', 1432647746, 1432647746, 1, 1, 0, 4, 80, 80, 1, 79),
(80, 'ул. Я. Гашека, д.17А', '{"images":[{"original":"uploads\\/noimage.jpg","thumbnail":"uploads\\/th_noimage.jpg","slide":"uploads\\/slide_noimage.jpg"}],"geocode":"[\\"59.9626638\\",\\"30.2957918\\"]"}', 0, 0, '', 1432647746, 1432647746, 1, 1, 0, 4, 81, 81, 1, 80),
(81, 'пр. Стачек, д.170', '{"images":[{"original":"uploads\\/noimage.jpg","thumbnail":"uploads\\/th_noimage.jpg","slide":"uploads\\/slide_noimage.jpg"}],"geocode":"[\\"59.9626638\\",\\"30.2957918\\"]"}', 60, 0, '', 1432647746, 1432647746, 1, 1, 0, 1, 82, 82, 1, 81),
(82, 'ул. Цветочная, д.19', '{"images":[{"original":"uploads\\/noimage.jpg","thumbnail":"uploads\\/th_noimage.jpg","slide":"uploads\\/slide_noimage.jpg"}],"geocode":"[\\"59.9626638\\",\\"30.2957918\\"]"}', 0, 0, '', 1432647746, 1432647746, 1, 1, 0, 2, 83, 83, 1, 82),
(83, 'ул. Стародеревенская, д.34б', '{"images":[{"original":"uploads\\/noimage.jpg","thumbnail":"uploads\\/th_noimage.jpg","slide":"uploads\\/slide_noimage.jpg"}],"geocode":"[\\"59.9626638\\",\\"30.2957918\\"]"}', 40, 0, '', 1432647746, 1432647746, 1, 1, 0, 2, 84, 84, 1, 83),
(84, 'ул. Стародеревенская, д.34б', '{"images":[{"original":"uploads\\/noimage.jpg","thumbnail":"uploads\\/th_noimage.jpg","slide":"uploads\\/slide_noimage.jpg"}],"geocode":"[\\"59.9626638\\",\\"30.2957918\\"]"}', 40, 0, '', 1432647746, 1432647746, 1, 1, 0, 2, 85, 85, 1, 84),
(85, 'ул. Гаванская, д.34', '{"images":[{"original":"uploads\\/noimage.jpg","thumbnail":"uploads\\/th_noimage.jpg","slide":"uploads\\/slide_noimage.jpg"}],"geocode":"[\\"59.9626638\\",\\"30.2957918\\"]"}', 35, 0, '', 1432647746, 1432647746, 1, 1, 0, 1, 86, 86, 1, 85),
(86, 'пр. Обуховской обороны, д.119б', '{"images":[{"original":"uploads\\/noimage.jpg","thumbnail":"uploads\\/th_noimage.jpg","slide":"uploads\\/slide_noimage.jpg"}],"geocode":"[\\"59.9626638\\",\\"30.2957918\\"]"}', 130, 0, '', 1432647746, 1432647746, 1, 1, 0, 1, 87, 87, 1, 86),
(87, 'пр. Обуховской обороны, д.72', '{"images":[{"original":"uploads\\/noimage.jpg","thumbnail":"uploads\\/th_noimage.jpg","slide":"uploads\\/slide_noimage.jpg"}],"geocode":"[\\"59.9626638\\",\\"30.2957918\\"]"}', 151, 0, '', 1432647746, 1432647746, 1, 1, 0, 1, 88, 88, 1, 87),
(88, 'пр. Обуховской обороны, д.72', '{"images":[{"original":"uploads\\/noimage.jpg","thumbnail":"uploads\\/th_noimage.jpg","slide":"uploads\\/slide_noimage.jpg"}],"geocode":"[\\"59.9626638\\",\\"30.2957918\\"]"}', 90, 0, '', 1432647746, 1432647746, 1, 1, 0, 1, 89, 89, 1, 88),
(89, 'пр. Обуховской обороны, д.72', '{"images":[{"original":"uploads\\/noimage.jpg","thumbnail":"uploads\\/th_noimage.jpg","slide":"uploads\\/slide_noimage.jpg"}],"geocode":"[\\"59.9626638\\",\\"30.2957918\\"]"}', 34, 0, '', 1432647746, 1432647746, 1, 1, 0, 1, 90, 90, 1, 89),
(90, 'Чкаловский пр., д.', '{"images":[{"original":"uploads\\/noimage.jpg","thumbnail":"uploads\\/th_noimage.jpg","slide":"uploads\\/slide_noimage.jpg"}],"geocode":"[\\"59.9626638\\",\\"30.2957918\\"]"}', 0, 0, '', 1432647746, 1432647746, 1, 1, 0, 1, 91, 91, 1, 90),
(91, 'Искровский пр., д.12', '{"images":[{"original":"uploads\\/noimage.jpg","thumbnail":"uploads\\/th_noimage.jpg","slide":"uploads\\/slide_noimage.jpg"}],"geocode":"[\\"59.9626638\\",\\"30.2957918\\"]"}', 50, 0, '', 1432647746, 1432647746, 1, 1, 0, 1, 92, 92, 1, 91),
(92, 'ул. Малая Морская, д.20', '{"images":[{"original":"uploads\\/noimage.jpg","thumbnail":"uploads\\/th_noimage.jpg","slide":"uploads\\/slide_noimage.jpg"}],"geocode":"[\\"59.9626638\\",\\"30.2957918\\"]"}', 75, 0, '', 1432647746, 1432647746, 1, 1, 0, 2, 93, 93, 1, 92),
(93, 'ул. Малая Морская, д.20', '{"images":[{"original":"uploads\\/noimage.jpg","thumbnail":"uploads\\/th_noimage.jpg","slide":"uploads\\/slide_noimage.jpg"}],"geocode":"[\\"59.9626638\\",\\"30.2957918\\"]"}', 70, 0, '', 1432647746, 1432647746, 1, 1, 0, 2, 94, 94, 1, 93),
(94, 'ул. Малая Морская, д.20', '{"images":[{"original":"uploads\\/noimage.jpg","thumbnail":"uploads\\/th_noimage.jpg","slide":"uploads\\/slide_noimage.jpg"}],"geocode":"[\\"59.9626638\\",\\"30.2957918\\"]"}', 0, 0, '', 1432647746, 1432647746, 1, 1, 0, 2, 95, 95, 1, 94),
(95, 'Клинский пр., д.25', '{"images":[{"original":"uploads\\/noimage.jpg","thumbnail":"uploads\\/th_noimage.jpg","slide":"uploads\\/slide_noimage.jpg"}],"geocode":"[\\"59.9626638\\",\\"30.2957918\\"]"}', 70, 0, '', 1432647746, 1432647746, 1, 1, 0, 2, 96, 96, 1, 95),
(96, 'Клинский пр., д.25', '{"images":[{"original":"uploads\\/noimage.jpg","thumbnail":"uploads\\/th_noimage.jpg","slide":"uploads\\/slide_noimage.jpg"}],"geocode":"[\\"59.9626638\\",\\"30.2957918\\"]"}', 70, 0, '', 1432647746, 1432647746, 1, 1, 0, 2, 97, 97, 1, 96),
(97, 'Загородный пр., д.35', '{"images":[{"original":"uploads\\/noimage.jpg","thumbnail":"uploads\\/th_noimage.jpg","slide":"uploads\\/slide_noimage.jpg"}],"geocode":"[\\"59.9626638\\",\\"30.2957918\\"]"}', 100, 0, '', 1432647746, 1432647746, 1, 1, 0, 4, 98, 98, 1, 97),
(98, '8-я линия В.О., д.33', '{"images":[{"original":"uploads\\/noimage.jpg","thumbnail":"uploads\\/th_noimage.jpg","slide":"uploads\\/slide_noimage.jpg"}],"geocode":"[\\"59.9626638\\",\\"30.2957918\\"]"}', 100, 0, '', 1432647746, 1432647746, 1, 1, 0, 1, 99, 99, 1, 98),
(99, '8-я линия В.О., д.33', '{"images":[{"original":"uploads\\/noimage.jpg","thumbnail":"uploads\\/th_noimage.jpg","slide":"uploads\\/slide_noimage.jpg"}],"geocode":"[\\"59.9626638\\",\\"30.2957918\\"]"}', 50, 0, '', 1432647746, 1432647746, 1, 1, 0, 1, 100, 100, 1, 99),
(100, '8-я линия В.О., д.33', '{"images":[{"original":"uploads\\/noimage.jpg","thumbnail":"uploads\\/th_noimage.jpg","slide":"uploads\\/slide_noimage.jpg"}],"geocode":"[\\"59.9626638\\",\\"30.2957918\\"]"}', 30, 0, '', 1432647746, 1432647746, 1, 1, 0, 1, 101, 101, 1, 100),
(101, 'Октябрьская наб., д.149', '{"images":[{"original":"uploads\\/noimage.jpg","thumbnail":"uploads\\/th_noimage.jpg","slide":"uploads\\/slide_noimage.jpg"}],"geocode":"[\\"59.9626638\\",\\"30.2957918\\"]"}', 40, 0, '', 1432647746, 1432647746, 1, 1, 0, 1, 102, 102, 1, 101),
(102, '8-я Красноармейская ул., д.5', '{"images":[{"original":"uploads\\/noimage.jpg","thumbnail":"uploads\\/th_noimage.jpg","slide":"uploads\\/slide_noimage.jpg"}],"geocode":"[\\"59.9626638\\",\\"30.2957918\\"]"}', 55, 0, '', 1432647746, 1432647746, 1, 1, 0, 2, 103, 103, 1, 102),
(103, '7-я Советская ул., д.16', '{"images":[{"original":"uploads\\/noimage.jpg","thumbnail":"uploads\\/th_noimage.jpg","slide":"uploads\\/slide_noimage.jpg"}],"geocode":"[\\"59.9626638\\",\\"30.2957918\\"]"}', 90, 0, '', 1432647746, 1432647746, 1, 1, 0, 1, 104, 104, 1, 103),
(104, '7-я Советская ул., д.16', '{"images":[{"original":"uploads\\/noimage.jpg","thumbnail":"uploads\\/th_noimage.jpg","slide":"uploads\\/slide_noimage.jpg"}],"geocode":"[\\"59.9626638\\",\\"30.2957918\\"]"}', 0, 0, '', 1432647746, 1432647746, 1, 1, 0, 1, 105, 105, 1, 104),
(105, '7-я Советская ул., д.16', '{"images":[{"original":"uploads\\/noimage.jpg","thumbnail":"uploads\\/th_noimage.jpg","slide":"uploads\\/slide_noimage.jpg"}],"geocode":"[\\"59.9626638\\",\\"30.2957918\\"]"}', 45, 0, '', 1432647746, 1432647746, 1, 1, 0, 2, 106, 106, 1, 105),
(106, '7-я Советская ул., д.16', '{"images":[{"original":"uploads\\/noimage.jpg","thumbnail":"uploads\\/th_noimage.jpg","slide":"uploads\\/slide_noimage.jpg"}],"geocode":"[\\"59.9626638\\",\\"30.2957918\\"]"}', 65, 0, '', 1432647746, 1432647746, 1, 1, 0, 1, 107, 107, 1, 106),
(107, '12-я Красноармейская ул., д.19', '{"images":[{"original":"uploads\\/noimage.jpg","thumbnail":"uploads\\/th_noimage.jpg","slide":"uploads\\/slide_noimage.jpg"}],"geocode":"[\\"59.9626638\\",\\"30.2957918\\"]"}', 0, 0, '', 1432647746, 1432647746, 1, 1, 0, 1, 108, 108, 1, 107),
(108, '12-я Красноармейская ул., д.19', '{"images":[{"original":"uploads\\/noimage.jpg","thumbnail":"uploads\\/th_noimage.jpg","slide":"uploads\\/slide_noimage.jpg"}],"geocode":"[\\"59.9626638\\",\\"30.2957918\\"]"}', 0, 0, '', 1432647746, 1432647746, 1, 1, 0, 1, 109, 109, 1, 108),
(109, '10-я Красноармейская ул., д.15', '{"images":[{"original":"uploads\\/noimage.jpg","thumbnail":"uploads\\/th_noimage.jpg","slide":"uploads\\/slide_noimage.jpg"}],"geocode":"[\\"59.9626638\\",\\"30.2957918\\"]"}', 0, 0, '', 1432647746, 1432647746, 1, 1, 0, 1, 110, 110, 1, 109),
(110, '10-я Красноармейская ул., д.15', '{"images":[{"original":"uploads\\/noimage.jpg","thumbnail":"uploads\\/th_noimage.jpg","slide":"uploads\\/slide_noimage.jpg"}],"geocode":"[\\"59.9626638\\",\\"30.2957918\\"]"}', 0, 0, '', 1432647746, 1432647746, 1, 1, 0, 1, 111, 111, 1, 110),
(111, 'Подъездной пер., д.10', '{"images":[{"original":"uploads\\/noimage.jpg","thumbnail":"uploads\\/th_noimage.jpg","slide":"uploads\\/slide_noimage.jpg"}],"geocode":"[\\"59.9626638\\",\\"30.2957918\\"]"}', 60, 0, '', 1432647746, 1432647746, 1, 1, 0, 2, 112, 112, 1, 111),
(112, 'Подъездной пер., д.10', '{"images":[{"original":"uploads\\/noimage.jpg","thumbnail":"uploads\\/th_noimage.jpg","slide":"uploads\\/slide_noimage.jpg"}],"geocode":"[\\"59.9626638\\",\\"30.2957918\\"]"}', 15, 0, '', 1432647746, 1432647746, 1, 1, 0, 2, 113, 113, 1, 112),
(113, 'наб. Обводного канала, д.136', '{"images":[{"original":"uploads\\/noimage.jpg","thumbnail":"uploads\\/th_noimage.jpg","slide":"uploads\\/slide_noimage.jpg"}],"geocode":"[\\"59.9626638\\",\\"30.2957918\\"]"}', 0, 0, '"БЦ ""Красный Треугольник"", комн. 350, 346"', 1432647746, 1432647746, 1, 1, 0, 1, 114, 114, 1, 113),
(114, 'Клинский пр., д.25', '{"images":[{"original":"uploads\\/noimage.jpg","thumbnail":"uploads\\/th_noimage.jpg","slide":"uploads\\/slide_noimage.jpg"}],"geocode":"[\\"59.9626638\\",\\"30.2957918\\"]"}', 0, 0, '', 1432647746, 1432647746, 1, 1, 0, 1, 115, 115, 1, 114),
(115, 'Звенигородская ул., д.11', '{"images":[{"original":"uploads\\/noimage.jpg","thumbnail":"uploads\\/th_noimage.jpg","slide":"uploads\\/slide_noimage.jpg"}],"geocode":"[\\"59.9626638\\",\\"30.2957918\\"]"}', 100, 0, '', 1432647746, 1432647746, 1, 1, 0, 1, 116, 116, 1, 115),
(116, 'Звенигородская ул., д.11', '{"images":[{"original":"uploads\\/noimage.jpg","thumbnail":"uploads\\/th_noimage.jpg","slide":"uploads\\/slide_noimage.jpg"}],"geocode":"[\\"59.9626638\\",\\"30.2957918\\"]"}', 50, 0, '', 1432647746, 1432647746, 1, 1, 0, 1, 117, 117, 1, 116),
(117, 'Выборгское ш., д.34', '{"images":[{"original":"uploads\\/noimage.jpg","thumbnail":"uploads\\/th_noimage.jpg","slide":"uploads\\/slide_noimage.jpg"}],"geocode":"[\\"59.9626638\\",\\"30.2957918\\"]"}', 0, 0, '', 1432647746, 1432647746, 1, 1, 0, 2, 118, 118, 1, 117),
(118, 'пр. Ленинский, д.160', '{"images":[{"original":"uploads\\/noimage.jpg","thumbnail":"uploads\\/th_noimage.jpg","slide":"uploads\\/slide_noimage.jpg"}],"geocode":"[\\"59.9626638\\",\\"30.2957918\\"]"}', 0, 0, '', 1432647746, 1432647746, 1, 1, 0, 6, 120, 120, 6, 119),
(119, 'ул. Коллонтай, д.31, к.1', '{"images":[{"original":"uploads\\/noimage.jpg","thumbnail":"uploads\\/th_noimage.jpg","slide":"uploads\\/slide_noimage.jpg"}],"geocode":"[\\"59.9626638\\",\\"30.2957918\\"]"}', 0, 0, '', 1432647746, 1432647746, 1, 1, 0, 1, 121, 121, 6, 120),
(120, 'Пулковское ш., д.35', '{"images":[{"original":"uploads\\/noimage.jpg","thumbnail":"uploads\\/th_noimage.jpg","slide":"uploads\\/slide_noimage.jpg"}],"geocode":"[\\"59.9626638\\",\\"30.2957918\\"]"}', 0, 0, '', 1432647746, 1432647746, 1, 1, 0, 1, 122, 122, 6, 121),
(121, 'Выборгское ш., д.13', '{"images":[{"original":"uploads\\/noimage.jpg","thumbnail":"uploads\\/th_noimage.jpg","slide":"uploads\\/slide_noimage.jpg"}],"geocode":"[\\"59.9626638\\",\\"30.2957918\\"]"}', 160, 0, 'стулья (около 200 шт.), столы (4 шт.), проектор, экран, реллинги, вешалки, гардероб', 1432647746, 1432647746, 1, 1, 0, 7, 123, 123, 4, 122),
(122, 'Большой Сампсониевский пр., д.28а', '{"images":[{"original":"uploads\\/noimage.jpg","thumbnail":"uploads\\/th_noimage.jpg","slide":"uploads\\/slide_noimage.jpg"}],"geocode":"[\\"59.9626638\\",\\"30.2957918\\"]"}', 0, 0, 'мягкие стулья, флип-чарт 90 см х 60 см с принадлежностями (фломастеры, блокнот) — 1000 руб./день., Wi-Fi, канцелярия (листы формата А4 и карандаши)', 1432647746, 1432647746, 1, 1, 0, 7, 124, 124, 4, 123),
(123, 'Средний пр-т В.О., д.48/27', '{"images":[{"original":"uploads\\/noimage.jpg","thumbnail":"uploads\\/th_noimage.jpg","slide":"uploads\\/slide_noimage.jpg"}],"geocode":"[\\"59.9626638\\",\\"30.2957918\\"]"}', 0, 0, 'Флипчарт, Блокнот для флипчарта(5 листов), Вода, Стаканы, Мультимедийные системы с USB входом, Ручки, карандаши, маркеры, Кулер с горячей и холодной водой, Стулья, столы, Бумага, кухня, душ, два туалета, гардероб, Wi Fi', 1432647746, 1432647746, 1, 1, 0, 7, 125, 125, 4, 124),
(124, 'наб. Канала Грибоедова', '{"images":[{"original":"uploads\\/noimage.jpg","thumbnail":"uploads\\/th_noimage.jpg","slide":"uploads\\/slide_noimage.jpg"}],"geocode":"[\\"59.9626638\\",\\"30.2957918\\"]"}', 60, 0, 'стулья, сцена', 1432647746, 1432647746, 1, 1, 0, 7, 126, 126, 4, 125),
(125, 'ул. Марата, д.5', '{"images":[{"original":"uploads\\/noimage.jpg","thumbnail":"uploads\\/th_noimage.jpg","slide":"uploads\\/slide_noimage.jpg"}],"geocode":"[\\"59.9626638\\",\\"30.2957918\\"]"}', 0, 0, 'проектор, большой проекционный экран – 2000 руб./день., компьютер – 350 руб./день., Wi-fi, Флип-чарт, планшеты для бумаги, Услуги полиграфии', 1432647746, 1432647746, 1, 1, 0, 7, 127, 127, 4, 126),
(126, 'наб. реки Смоленки, д.2', '{"images":[{"original":"uploads\\/noimage.jpg","thumbnail":"uploads\\/th_noimage.jpg","slide":"uploads\\/slide_noimage.jpg"}],"geocode":"[\\"59.9626638\\",\\"30.2957918\\"]"}', 160, 0, '', 1432647746, 1432647746, 1, 1, 0, 7, 128, 128, 4, 127),
(127, 'наб. реки Смоленки, д.2', '{"images":[{"original":"uploads\\/noimage.jpg","thumbnail":"uploads\\/th_noimage.jpg","slide":"uploads\\/slide_noimage.jpg"}],"geocode":"[\\"59.9626638\\",\\"30.2957918\\"]"}', 160, 0, '', 1432647746, 1432647746, 1, 1, 0, 7, 129, 129, 4, 128),
(128, 'Конюшенная площадь, д.2', '{"images":[{"original":"uploads\\/noimage.jpg","thumbnail":"uploads\\/th_noimage.jpg","slide":"uploads\\/slide_noimage.jpg"}],"geocode":"[\\"59.9626638\\",\\"30.2957918\\"]"}', 36, 0, '', 1432647746, 1432647746, 1, 1, 0, 7, 130, 130, 4, 129),
(129, 'Конюшенная площадь, д.2', '{"images":[{"original":"uploads\\/noimage.jpg","thumbnail":"uploads\\/th_noimage.jpg","slide":"uploads\\/slide_noimage.jpg"}],"geocode":"[\\"59.9626638\\",\\"30.2957918\\"]"}', 50, 0, 'стулья, столы, подушки, маты, проектор', 1432647746, 1432647746, 1, 1, 0, 7, 131, 131, 4, 130),
(130, 'наб. Обводного канала, д.199', '{"images":[{"original":"uploads\\/noimage.jpg","thumbnail":"uploads\\/th_noimage.jpg","slide":"uploads\\/slide_noimage.jpg"}],"geocode":"[\\"59.9626638\\",\\"30.2957918\\"]"}', 0, 0, 'гостевая парковка, кафе-столовая, Wi-Fi (до 100 Мбит/сек.)', 1432647746, 1432647746, 1, 1, 0, 7, 132, 132, 4, 131),
(131, 'Лермонтовский пр-т, д.43/1', '{"images":[{"original":"uploads\\/noimage.jpg","thumbnail":"uploads\\/th_noimage.jpg","slide":"uploads\\/slide_noimage.jpg"}],"geocode":"[\\"59.9626638\\",\\"30.2957918\\"]"}', 1250, 0, '', 1432647746, 1432647746, 1, 1, 0, 7, 133, 133, 4, 132),
(132, 'Лермонтовский пр-т, д.43/1', '{"images":[{"original":"uploads\\/noimage.jpg","thumbnail":"uploads\\/th_noimage.jpg","slide":"uploads\\/slide_noimage.jpg"}],"geocode":"[\\"59.9626638\\",\\"30.2957918\\"]"}', 198, 0, '', 1432647746, 1432647746, 1, 1, 0, 7, 134, 134, 4, 133),
(133, 'Лермонтовский пр-т, д.43/1', '{"images":[{"original":"uploads\\/noimage.jpg","thumbnail":"uploads\\/th_noimage.jpg","slide":"uploads\\/slide_noimage.jpg"}],"geocode":"[\\"59.9626638\\",\\"30.2957918\\"]"}', 93, 0, '', 1432647746, 1432647746, 1, 1, 0, 7, 135, 135, 4, 134),
(134, 'Лермонтовский пр-т, д.43/1', '{"images":[{"original":"uploads\\/noimage.jpg","thumbnail":"uploads\\/th_noimage.jpg","slide":"uploads\\/slide_noimage.jpg"}],"geocode":"[\\"59.9626638\\",\\"30.2957918\\"]"}', 59, 0, '', 1432647746, 1432647746, 1, 1, 0, 7, 136, 136, 4, 135),
(135, 'Лермонтовский пр-т, д.43/1', '{"images":[{"original":"uploads\\/noimage.jpg","thumbnail":"uploads\\/th_noimage.jpg","slide":"uploads\\/slide_noimage.jpg"}],"geocode":"[\\"59.9626638\\",\\"30.2957918\\"]"}', 59, 0, '', 1432647746, 1432647746, 1, 1, 0, 7, 137, 137, 4, 136),
(136, 'Лермонтовский пр-т, д.43/1', '{"images":[{"original":"uploads\\/noimage.jpg","thumbnail":"uploads\\/th_noimage.jpg","slide":"uploads\\/slide_noimage.jpg"}],"geocode":"[\\"59.9626638\\",\\"30.2957918\\"]"}', 100, 0, '', 1432647746, 1432647746, 1, 1, 0, 7, 138, 138, 4, 137),
(137, 'Лермонтовский пр-т, д.43/1', '{"images":[{"original":"uploads\\/noimage.jpg","thumbnail":"uploads\\/th_noimage.jpg","slide":"uploads\\/slide_noimage.jpg"}],"geocode":"[\\"59.9626638\\",\\"30.2957918\\"]"}', 26, 0, '', 1432647746, 1432647746, 1, 1, 0, 7, 139, 139, 4, 138),
(138, 'Лермонтовский пр-т, д.43/1', '{"images":[{"original":"uploads\\/noimage.jpg","thumbnail":"uploads\\/th_noimage.jpg","slide":"uploads\\/slide_noimage.jpg"}],"geocode":"[\\"59.9626638\\",\\"30.2957918\\"]"}', 100, 0, '', 1432647746, 1432647746, 1, 1, 0, 7, 140, 140, 4, 139),
(139, 'Лермонтовский пр-т, д.43/1', '{"images":[{"original":"uploads\\/noimage.jpg","thumbnail":"uploads\\/th_noimage.jpg","slide":"uploads\\/slide_noimage.jpg"}],"geocode":"[\\"59.9626638\\",\\"30.2957918\\"]"}', 35, 0, '', 1432647746, 1432647746, 1, 1, 0, 7, 141, 141, 4, 140),
(140, 'Лермонтовский пр-т, д.43/1', '{"images":[{"original":"uploads\\/noimage.jpg","thumbnail":"uploads\\/th_noimage.jpg","slide":"uploads\\/slide_noimage.jpg"}],"geocode":"[\\"59.9626638\\",\\"30.2957918\\"]"}', 48, 0, '', 1432647746, 1432647746, 1, 1, 0, 7, 142, 142, 4, 141),
(141, 'Лермонтовский пр-т, д.43/1', '{"images":[{"original":"uploads\\/noimage.jpg","thumbnail":"uploads\\/th_noimage.jpg","slide":"uploads\\/slide_noimage.jpg"}],"geocode":"[\\"59.9626638\\",\\"30.2957918\\"]"}', 50, 0, '', 1432647746, 1432647746, 1, 1, 0, 7, 143, 143, 4, 142),
(142, 'Лермонтовский пр-т, д.43/1', '{"images":[{"original":"uploads\\/noimage.jpg","thumbnail":"uploads\\/th_noimage.jpg","slide":"uploads\\/slide_noimage.jpg"}],"geocode":"[\\"59.9626638\\",\\"30.2957918\\"]"}', 134, 0, '', 1432647746, 1432647746, 1, 1, 0, 7, 144, 144, 4, 143),
(143, 'Лермонтовский пр-т, д.43/1', '{"images":[{"original":"uploads\\/noimage.jpg","thumbnail":"uploads\\/th_noimage.jpg","slide":"uploads\\/slide_noimage.jpg"}],"geocode":"[\\"59.9626638\\",\\"30.2957918\\"]"}', 50, 0, '', 1432647746, 1432647746, 1, 1, 0, 7, 145, 145, 4, 144),
(144, 'Лермонтовский пр-т, д.43/1', '{"images":[{"original":"uploads\\/noimage.jpg","thumbnail":"uploads\\/th_noimage.jpg","slide":"uploads\\/slide_noimage.jpg"}],"geocode":"[\\"59.9626638\\",\\"30.2957918\\"]"}', 38, 0, '', 1432647746, 1432647746, 1, 1, 0, 7, 146, 146, 4, 145),
(145, 'Лермонтовский пр-т, д.43/1', '{"images":[{"original":"uploads\\/noimage.jpg","thumbnail":"uploads\\/th_noimage.jpg","slide":"uploads\\/slide_noimage.jpg"}],"geocode":"[\\"59.9626638\\",\\"30.2957918\\"]"}', 74, 0, '', 1432647746, 1432647746, 1, 1, 0, 7, 147, 147, 4, 146),
(146, 'Лермонтовский пр-т, д.43/1', '{"images":[{"original":"uploads\\/noimage.jpg","thumbnail":"uploads\\/th_noimage.jpg","slide":"uploads\\/slide_noimage.jpg"}],"geocode":"[\\"59.9626638\\",\\"30.2957918\\"]"}', 49, 0, '', 1432647746, 1432647746, 1, 1, 0, 7, 148, 148, 4, 147),
(147, 'Лермонтовский пр-т, д.43/1', '{"images":[{"original":"uploads\\/noimage.jpg","thumbnail":"uploads\\/th_noimage.jpg","slide":"uploads\\/slide_noimage.jpg"}],"geocode":"[\\"59.9626638\\",\\"30.2957918\\"]"}', 115, 0, '', 1432647746, 1432647746, 1, 1, 0, 7, 149, 149, 4, 148),
(148, 'Лермонтовский пр-т, д.43/1', '{"images":[{"original":"uploads\\/noimage.jpg","thumbnail":"uploads\\/th_noimage.jpg","slide":"uploads\\/slide_noimage.jpg"}],"geocode":"[\\"59.9626638\\",\\"30.2957918\\"]"}', 72, 0, '', 1432647746, 1432647746, 1, 1, 0, 7, 150, 150, 4, 149),
(149, 'Лермонтовский пр-т, д.43/1', '{"images":[{"original":"uploads\\/noimage.jpg","thumbnail":"uploads\\/th_noimage.jpg","slide":"uploads\\/slide_noimage.jpg"}],"geocode":"[\\"59.9626638\\",\\"30.2957918\\"]"}', 72, 0, '', 1432647746, 1432647746, 1, 1, 0, 7, 151, 151, 4, 150),
(150, 'Лермонтовский пр-т, д.43/1', '{"images":[{"original":"uploads\\/noimage.jpg","thumbnail":"uploads\\/th_noimage.jpg","slide":"uploads\\/slide_noimage.jpg"}],"geocode":"[\\"59.9626638\\",\\"30.2957918\\"]"}', 72, 0, '', 1432647746, 1432647746, 1, 1, 0, 7, 152, 152, 4, 151),
(151, 'Лермонтовский пр-т, д.43/1', '{"images":[{"original":"uploads\\/noimage.jpg","thumbnail":"uploads\\/th_noimage.jpg","slide":"uploads\\/slide_noimage.jpg"}],"geocode":"[\\"59.9626638\\",\\"30.2957918\\"]"}', 72, 0, '', 1432647746, 1432647746, 1, 1, 0, 7, 153, 153, 4, 152),
(152, 'Лермонтовский пр-т, д.43/1', '{"images":[{"original":"uploads\\/noimage.jpg","thumbnail":"uploads\\/th_noimage.jpg","slide":"uploads\\/slide_noimage.jpg"}],"geocode":"[\\"59.9626638\\",\\"30.2957918\\"]"}', 105, 0, '', 1432647746, 1432647746, 1, 1, 0, 7, 154, 154, 4, 153),
(153, 'пр. Пятилеток, д.1', '{"images":[{"original":"uploads\\/noimage.jpg","thumbnail":"uploads\\/th_noimage.jpg","slide":"uploads\\/slide_noimage.jpg"}],"geocode":"[\\"59.9626638\\",\\"30.2957918\\"]"}', 0, 0, '', 1432647746, 1432647746, 1, 1, 0, 7, 155, 155, 3, 154),
(154, 'Малый пр. В.О., д.66', '{"images":[{"original":"uploads\\/noimage.jpg","thumbnail":"uploads\\/th_noimage.jpg","slide":"uploads\\/slide_noimage.jpg"}],"geocode":"[\\"59.9626638\\",\\"30.2957918\\"]"}', 0, 0, '', 1432647746, 1432647746, 1, 1, 0, 7, 156, 156, 3, 155),
(155, 'ул. Потемкинская, д.4-a', '{"images":[{"original":"uploads\\/noimage.jpg","thumbnail":"uploads\\/th_noimage.jpg","slide":"uploads\\/slide_noimage.jpg"}],"geocode":"[\\"59.9626638\\",\\"30.2957918\\"]"}', 0, 0, '', 1432647746, 1432647746, 1, 1, 0, 7, 157, 157, 3, 156),
(156, 'ул. Аккуратова, д.7а', '{"images":[{"original":"uploads\\/noimage.jpg","thumbnail":"uploads\\/th_noimage.jpg","slide":"uploads\\/slide_noimage.jpg"}],"geocode":"[\\"59.9626638\\",\\"30.2957918\\"]"}', 0, 0, '', 1432647746, 1432647746, 1, 1, 0, 7, 158, 158, 3, 157),
(157, 'пр-т Обуховской Обороны, д.130', '{"images":[{"original":"uploads\\/noimage.jpg","thumbnail":"uploads\\/th_noimage.jpg","slide":"uploads\\/slide_noimage.jpg"}],"geocode":"[\\"59.9626638\\",\\"30.2957918\\"]"}', 0, 0, '', 1432647746, 1432647746, 1, 1, 0, 7, 159, 159, 3, 158),
(158, 'Приозерское ш., д.54 км.', '{"images":[{"original":"uploads\\/noimage.jpg","thumbnail":"uploads\\/th_noimage.jpg","slide":"uploads\\/slide_noimage.jpg"}],"geocode":"[\\"59.9626638\\",\\"30.2957918\\"]"}', 0, 0, '', 1432647746, 1432647746, 1, 1, 0, 7, 160, 160, 3, 159),
(159, 'ул. Ждановская, д.2', '{"images":[{"original":"uploads\\/noimage.jpg","thumbnail":"uploads\\/th_noimage.jpg","slide":"uploads\\/slide_noimage.jpg"}],"geocode":"[\\"59.9626638\\",\\"30.2957918\\"]"}', 0, 0, '', 1432647746, 1432647746, 1, 1, 0, 7, 161, 161, 3, 160),
(160, 'Чкаловский пр., д.15', '{"images":[{"original":"uploads\\/noimage.jpg","thumbnail":"uploads\\/th_noimage.jpg","slide":"uploads\\/slide_noimage.jpg"}],"geocode":"[\\"59.9626638\\",\\"30.2957918\\"]"}', 0, 0, '', 1432647746, 1432647746, 1, 1, 0, 8, 162, 162, 2, 161),
(161, 'Ждановская наб., д.2', '{"images":[{"original":"uploads\\/noimage.jpg","thumbnail":"uploads\\/th_noimage.jpg","slide":"uploads\\/slide_noimage.jpg"}],"geocode":"[\\"59.9626638\\",\\"30.2957918\\"]"}', 0, 0, '', 1432647746, 1432647746, 1, 1, 0, 9, 163, 163, 2, 162),
(162, 'Лиговский пр., д.289', '{"images":[{"original":"uploads\\/noimage.jpg","thumbnail":"uploads\\/th_noimage.jpg","slide":"uploads\\/slide_noimage.jpg"}],"geocode":"[\\"59.9626638\\",\\"30.2957918\\"]"}', 0, 0, '', 1432647746, 1432647746, 1, 1, 0, 12, 164, 164, 2, 163),
(163, 'Лиговский пр., д.246', '{"images":[{"original":"uploads\\/noimage.jpg","thumbnail":"uploads\\/th_noimage.jpg","slide":"uploads\\/slide_noimage.jpg"}],"geocode":"[\\"59.9626638\\",\\"30.2957918\\"]"}', 0, 0, '', 1432647746, 1432647746, 1, 1, 0, 8, 165, 165, 2, 164),
(164, 'наб. Обводного Канала, д.136', '{"images":[{"original":"uploads\\/noimage.jpg","thumbnail":"uploads\\/th_noimage.jpg","slide":"uploads\\/slide_noimage.jpg"}],"geocode":"[\\"59.9626638\\",\\"30.2957918\\"]"}', 0, 0, '', 1432647746, 1432647746, 1, 1, 0, 4, 166, 166, 2, 165),
(165, 'Мориса Тореза пр., д.71', '{"images":[{"original":"uploads\\/noimage.jpg","thumbnail":"uploads\\/th_noimage.jpg","slide":"uploads\\/slide_noimage.jpg"}],"geocode":"[\\"59.9626638\\",\\"30.2957918\\"]"}', 0, 0, '', 1432647746, 1432647746, 1, 1, 0, 9, 167, 167, 2, 166),
(166, 'Мориса Тореза пр., д.71', '{"images":[{"original":"uploads\\/noimage.jpg","thumbnail":"uploads\\/th_noimage.jpg","slide":"uploads\\/slide_noimage.jpg"}],"geocode":"[\\"59.9626638\\",\\"30.2957918\\"]"}', 0, 0, '', 1432647746, 1432647746, 1, 1, 0, 11, 168, 168, 2, 167),
(167, 'Политехническая ул., д.27', '{"images":[{"original":"uploads\\/noimage.jpg","thumbnail":"uploads\\/th_noimage.jpg","slide":"uploads\\/slide_noimage.jpg"}],"geocode":"[\\"59.9626638\\",\\"30.2957918\\"]"}', 0, 0, '', 1432647746, 1432647746, 1, 1, 0, 8, 169, 169, 2, 168),
(168, 'Муринский парк, д.', '{"images":[{"original":"uploads\\/noimage.jpg","thumbnail":"uploads\\/th_noimage.jpg","slide":"uploads\\/slide_noimage.jpg"}],"geocode":"[\\"59.9626638\\",\\"30.2957918\\"]"}', 0, 0, '', 1432647746, 1432647746, 1, 1, 0, 8, 170, 170, 2, 169),
(169, 'Маршала Говорова ул., д.35, к.2', '{"images":[{"original":"uploads\\/noimage.jpg","thumbnail":"uploads\\/th_noimage.jpg","slide":"uploads\\/slide_noimage.jpg"}],"geocode":"[\\"59.9626638\\",\\"30.2957918\\"]"}', 0, 0, '', 1432647746, 1432647746, 1, 1, 0, 12, 171, 171, 2, 170),
(170, 'Авиационная ул., д.19', '{"images":[{"original":"uploads\\/noimage.jpg","thumbnail":"uploads\\/th_noimage.jpg","slide":"uploads\\/slide_noimage.jpg"}],"geocode":"[\\"59.9626638\\",\\"30.2957918\\"]"}', 0, 0, '', 1432647746, 1432647746, 1, 1, 0, 8, 172, 172, 2, 171),
(171, 'Авиационная ул., д.19', '{"images":[{"original":"uploads\\/noimage.jpg","thumbnail":"uploads\\/th_noimage.jpg","slide":"uploads\\/slide_noimage.jpg"}],"geocode":"[\\"59.9626638\\",\\"30.2957918\\"]"}', 0, 0, '', 1432647746, 1432647746, 1, 1, 0, 8, 173, 173, 2, 172);
INSERT INTO `hall` (`id`, `name`, `attribs`, `square`, `favourite`, `comments`, `created_at`, `updated_at`, `status`, `public`, `deleted`, `floor_id`, `price_id`, `address_id`, `category_id`, `contacts_id`) VALUES
(172, 'Авиационная ул., д.19', '{"images":[{"original":"uploads\\/noimage.jpg","thumbnail":"uploads\\/th_noimage.jpg","slide":"uploads\\/slide_noimage.jpg"}],"geocode":"[\\"59.9626638\\",\\"30.2957918\\"]"}', 0, 0, '', 1432647746, 1432647746, 1, 1, 0, 8, 174, 174, 2, 173),
(173, 'Авиационная ул., д.19', '{"images":[{"original":"uploads\\/noimage.jpg","thumbnail":"uploads\\/th_noimage.jpg","slide":"uploads\\/slide_noimage.jpg"}],"geocode":"[\\"59.9626638\\",\\"30.2957918\\"]"}', 0, 0, '', 1432647746, 1432647746, 1, 1, 0, 8, 175, 175, 2, 174),
(174, 'ул. Кантемировская, д.39', '{"images":[{"original":"uploads\\/noimage.jpg","thumbnail":"uploads\\/th_noimage.jpg","slide":"uploads\\/slide_noimage.jpg"}],"geocode":"[\\"59.9626638\\",\\"30.2957918\\"]"}', 0, 0, '', 1432647746, 1432647746, 1, 1, 0, 12, 176, 176, 2, 175),
(175, 'ул.Васи Алексеева, д.9, к.1', '{"images":[{"original":"uploads\\/noimage.jpg","thumbnail":"uploads\\/th_noimage.jpg","slide":"uploads\\/slide_noimage.jpg"}],"geocode":"[\\"59.9626638\\",\\"30.2957918\\"]"}', 0, 0, '', 1432647746, 1432647746, 1, 1, 0, 4, 177, 177, 2, 176),
(176, 'пр. Культуры, д.41', '{"images":[{"original":"uploads\\/noimage.jpg","thumbnail":"uploads\\/th_noimage.jpg","slide":"uploads\\/slide_noimage.jpg"}],"geocode":"[\\"59.9626638\\",\\"30.2957918\\"]"}', 0, 0, '', 1432647746, 1432647746, 1, 1, 0, 6, 178, 178, 6, 177),
(177, 'Дальневосточный, д.71', '{"images":[{"original":"uploads\\/hall\\/Ul2FtgG2OWzS5Se33dmrqOLqlPCw0uMn.jpg","thumbnail":"uploads\\/hall\\/th_Ul2FtgG2OWzS5Se33dmrqOLqlPCw0uMn.jpg","slide":"uploads\\/hall\\/slide_Ul2FtgG2OWzS5Se33dmrqOLqlPCw0uMn.jpg"},{"original":"uploads\\/hall\\/mCBDY-qPdTyZO_mtlctyxboiXXLZKPWg.jpg","thumbnail":"uploads\\/hall\\/th_mCBDY-qPdTyZO_mtlctyxboiXXLZKPWg.jpg","slide":"uploads\\/hall\\/slide_mCBDY-qPdTyZO_mtlctyxboiXXLZKPWg.jpg"},{"original":"uploads\\/hall\\/wMzSX2x051X10hjcSriwZ5X4rIzfqkVF.jpg","thumbnail":"uploads\\/hall\\/th_wMzSX2x051X10hjcSriwZ5X4rIzfqkVF.jpg","slide":"uploads\\/hall\\/slide_wMzSX2x051X10hjcSriwZ5X4rIzfqkVF.jpg"}],"geocode":"[\\"59.8778098\\",\\"30.4770474\\"]"}', 0, 0, NULL, 1433766152, 1433769784, 1, 1, 0, 1, 179, 179, 1, 178);

-- --------------------------------------------------------

--
-- Структура таблицы `hall_has_options`
--

CREATE TABLE IF NOT EXISTS `hall_has_options` (
  `hall_id` int(11) NOT NULL,
  `options_id` int(11) NOT NULL
) ENGINE=InnoDB DEFAULT CHARSET=utf8;

--
-- Дамп данных таблицы `hall_has_options`
--

INSERT INTO `hall_has_options` (`hall_id`, `options_id`) VALUES
(1, 1),
(6, 1),
(7, 1),
(8, 1),
(9, 1),
(10, 1),
(13, 1),
(15, 1),
(17, 1),
(23, 1),
(25, 1),
(26, 1),
(27, 1),
(30, 1),
(31, 1),
(32, 1),
(33, 1),
(52, 1),
(53, 1),
(54, 1),
(57, 1),
(63, 1),
(64, 1),
(65, 1),
(66, 1),
(67, 1),
(68, 1),
(69, 1),
(70, 1),
(71, 1),
(75, 1),
(76, 1),
(77, 1),
(78, 1),
(79, 1),
(80, 1),
(86, 1),
(87, 1),
(88, 1),
(89, 1),
(92, 1),
(93, 1),
(94, 1),
(95, 1),
(96, 1),
(102, 1),
(103, 1),
(104, 1),
(105, 1),
(106, 1),
(107, 1),
(108, 1),
(111, 1),
(112, 1),
(177, 1),
(1, 2),
(1, 3),
(4, 3),
(6, 3),
(7, 3),
(8, 3),
(9, 3),
(10, 3),
(11, 3),
(13, 3),
(15, 3),
(17, 3),
(18, 3),
(19, 3),
(21, 3),
(23, 3),
(25, 3),
(26, 3),
(27, 3),
(29, 3),
(30, 3),
(31, 3),
(32, 3),
(33, 3),
(34, 3),
(35, 3),
(36, 3),
(39, 3),
(40, 3),
(42, 3),
(43, 3),
(44, 3),
(45, 3),
(46, 3),
(47, 3),
(48, 3),
(49, 3),
(50, 3),
(51, 3),
(52, 3),
(53, 3),
(54, 3),
(57, 3),
(58, 3),
(59, 3),
(60, 3),
(61, 3),
(63, 3),
(64, 3),
(65, 3),
(66, 3),
(67, 3),
(68, 3),
(69, 3),
(70, 3),
(71, 3),
(72, 3),
(73, 3),
(74, 3),
(75, 3),
(76, 3),
(77, 3),
(78, 3),
(79, 3),
(80, 3),
(81, 3),
(82, 3),
(86, 3),
(87, 3),
(88, 3),
(89, 3),
(91, 3),
(92, 3),
(93, 3),
(94, 3),
(95, 3),
(96, 3),
(97, 3),
(98, 3),
(99, 3),
(100, 3),
(101, 3),
(102, 3),
(103, 3),
(104, 3),
(105, 3),
(106, 3),
(107, 3),
(108, 3),
(111, 3),
(112, 3),
(115, 3),
(116, 3),
(117, 3),
(119, 3),
(120, 3),
(176, 3),
(10, 4),
(21, 4),
(22, 4),
(52, 4),
(53, 4),
(54, 4),
(58, 4),
(59, 4),
(60, 4),
(63, 4),
(64, 4),
(65, 4),
(66, 4),
(67, 4),
(71, 4),
(75, 4),
(76, 4),
(79, 4),
(80, 4),
(86, 4),
(87, 4),
(88, 4),
(89, 4),
(98, 4),
(99, 4),
(100, 4),
(101, 4),
(111, 4),
(112, 4),
(118, 4),
(119, 4),
(120, 4),
(176, 4),
(177, 4),
(17, 5),
(18, 5),
(30, 5),
(31, 5),
(32, 5),
(53, 5),
(54, 5),
(58, 5),
(59, 5),
(60, 5),
(107, 5),
(108, 5),
(111, 5),
(112, 5),
(122, 5),
(123, 5),
(125, 5),
(130, 5),
(131, 5),
(132, 5),
(133, 5),
(134, 5),
(135, 5),
(136, 5),
(137, 5),
(138, 5),
(139, 5),
(140, 5),
(141, 5),
(142, 5),
(143, 5),
(144, 5),
(145, 5),
(146, 5),
(147, 5),
(148, 5),
(149, 5),
(150, 5),
(151, 5),
(152, 5),
(1, 6),
(7, 6),
(15, 6),
(17, 6),
(27, 6),
(52, 6),
(57, 6),
(64, 6),
(72, 6),
(73, 6),
(74, 6),
(81, 6),
(82, 6),
(87, 6),
(88, 6),
(89, 6),
(98, 6),
(99, 6),
(100, 6),
(106, 6),
(115, 6),
(116, 6),
(177, 6),
(29, 7),
(56, 7),
(67, 7),
(84, 7),
(94, 7),
(104, 7),
(109, 7),
(177, 7),
(1, 8),
(6, 8),
(40, 8),
(77, 8),
(78, 8),
(107, 8),
(108, 8),
(111, 8),
(112, 8),
(1, 9),
(4, 9),
(6, 9),
(7, 9),
(8, 9),
(9, 9),
(10, 9),
(13, 9),
(15, 9),
(17, 9),
(19, 9),
(27, 9),
(30, 9),
(31, 9),
(32, 9),
(34, 9),
(35, 9),
(39, 9),
(52, 9),
(53, 9),
(54, 9),
(57, 9),
(58, 9),
(59, 9),
(60, 9),
(68, 9),
(69, 9),
(70, 9),
(71, 9),
(72, 9),
(73, 9),
(74, 9),
(75, 9),
(76, 9),
(79, 9),
(80, 9),
(81, 9),
(82, 9),
(86, 9),
(87, 9),
(88, 9),
(89, 9),
(95, 9),
(96, 9),
(97, 9),
(107, 9),
(108, 9),
(110, 9),
(111, 9),
(112, 9),
(115, 9),
(116, 9),
(118, 10),
(119, 10),
(120, 10),
(176, 10),
(118, 11),
(119, 11),
(120, 11),
(176, 11),
(119, 13),
(120, 13),
(176, 13),
(118, 16),
(119, 16),
(120, 16),
(176, 16),
(155, 17),
(158, 17),
(153, 18),
(155, 18),
(156, 18),
(159, 18),
(153, 19),
(155, 19),
(156, 19),
(158, 19),
(159, 19),
(153, 20),
(155, 20),
(156, 20),
(153, 21),
(155, 21),
(156, 21),
(158, 21),
(153, 22),
(154, 22),
(155, 22),
(156, 22),
(157, 22),
(158, 22),
(159, 22),
(153, 23),
(155, 23),
(156, 23),
(157, 23),
(158, 23),
(159, 23),
(162, 24),
(164, 24),
(165, 24),
(166, 24),
(169, 24),
(172, 24),
(173, 24),
(174, 24),
(175, 24),
(175, 25),
(160, 26),
(161, 26),
(163, 26),
(167, 26),
(168, 26),
(170, 26),
(171, 26),
(162, 27),
(164, 27),
(165, 27),
(166, 27),
(169, 27),
(172, 27),
(173, 27),
(174, 27),
(162, 28),
(164, 28),
(165, 28),
(166, 28),
(169, 28),
(172, 28),
(173, 28),
(174, 28),
(175, 28),
(121, 29),
(122, 29),
(123, 29),
(124, 29),
(125, 29),
(126, 29),
(127, 29),
(130, 29),
(131, 29),
(132, 29),
(133, 29),
(134, 29),
(135, 29),
(136, 29),
(137, 29),
(138, 29),
(139, 29),
(140, 29),
(141, 29),
(142, 29),
(143, 29),
(144, 29),
(145, 29),
(146, 29),
(147, 29),
(148, 29),
(149, 29),
(150, 29),
(151, 29),
(152, 29),
(130, 30),
(121, 31),
(122, 31),
(123, 31),
(124, 31),
(125, 31),
(126, 31),
(127, 31),
(128, 31),
(129, 31),
(130, 31),
(121, 32),
(122, 32),
(123, 32),
(124, 32),
(125, 32),
(126, 32),
(127, 32),
(128, 32),
(129, 32),
(130, 32),
(131, 32),
(132, 32),
(133, 32),
(134, 32),
(135, 32),
(136, 32),
(137, 32),
(138, 32),
(139, 32),
(140, 32),
(141, 32),
(142, 32),
(143, 32),
(144, 32),
(145, 32),
(146, 32),
(147, 32),
(148, 32),
(149, 32),
(150, 32),
(151, 32),
(152, 32),
(121, 33),
(125, 33),
(130, 33),
(131, 33),
(132, 33),
(133, 33),
(134, 33),
(135, 33),
(136, 33),
(137, 33),
(138, 33),
(139, 33),
(140, 33),
(141, 33),
(142, 33),
(143, 33),
(144, 33),
(145, 33),
(146, 33),
(147, 33),
(148, 33),
(149, 33),
(150, 33),
(151, 33),
(152, 33),
(121, 34),
(125, 34),
(130, 34),
(131, 34),
(132, 34),
(133, 34),
(134, 34),
(135, 34),
(136, 34),
(137, 34),
(138, 34),
(139, 34),
(140, 34),
(141, 34),
(142, 34),
(143, 34),
(144, 34),
(145, 34),
(146, 34),
(147, 34),
(148, 34),
(149, 34),
(150, 34),
(151, 34),
(152, 34),
(122, 35),
(123, 35),
(125, 35),
(130, 35),
(131, 35),
(132, 35),
(133, 35),
(134, 35),
(135, 35),
(136, 35),
(137, 35),
(138, 35),
(139, 35),
(140, 35),
(141, 35),
(142, 35),
(143, 35),
(144, 35),
(145, 35),
(146, 35),
(147, 35),
(148, 35),
(149, 35),
(150, 35),
(151, 35),
(152, 35),
(125, 36),
(130, 36),
(131, 36),
(132, 36),
(133, 36),
(134, 36),
(135, 36),
(136, 36),
(137, 36),
(138, 36),
(139, 36),
(140, 36),
(141, 36),
(142, 36),
(143, 36),
(144, 36),
(145, 36),
(146, 36),
(147, 36),
(148, 36),
(149, 36),
(150, 36),
(151, 36),
(152, 36),
(130, 37),
(131, 37),
(132, 37),
(133, 37),
(134, 37),
(135, 37),
(136, 37),
(137, 37),
(138, 37),
(139, 37),
(140, 37),
(141, 37),
(142, 37),
(143, 37),
(144, 37),
(145, 37),
(146, 37),
(147, 37),
(148, 37),
(149, 37),
(150, 37),
(151, 37),
(152, 37);

-- --------------------------------------------------------

--
-- Структура таблицы `metro`
--

CREATE TABLE IF NOT EXISTS `metro` (
  `id` int(11) NOT NULL,
  `name` varchar(255) DEFAULT NULL,
  `attribs` mediumtext,
  `district_id` int(11) NOT NULL,
  `district_town_id` int(11) NOT NULL
) ENGINE=InnoDB AUTO_INCREMENT=67 DEFAULT CHARSET=utf8;

--
-- Дамп данных таблицы `metro`
--

INSERT INTO `metro` (`id`, `name`, `attribs`, `district_id`, `district_town_id`) VALUES
(1, 'Автово', '{"options":{"class":"i-metro_red"}}', 6, 1),
(2, 'Адмиралтейская', '{"options":{"class":"i-metro_purple"}}', 1, 1),
(3, 'Академическая', '{"options":{"class":"i-metro_red"}}', 5, 1),
(4, 'Балтийская', '{"options":{"class":"i-metro_red"}}', 1, 1),
(5, 'Бухарестская', '{"options":{"class":"i-metro_purple"}}', 18, 1),
(6, 'Василеостровская', '{"options":{"class":"i-metro_green"}}', 2, 1),
(7, 'Владимирская', '{"options":{"class":"i-metro_red"}}', 19, 1),
(8, 'Волковская', '{"options":{"class":"i-metro_purple"}}', 18, 1),
(9, 'Выборгская', '{"options":{"class":"i-metro_red"}}', 4, 1),
(10, 'Горьковская', '{"options":{"class":"i-metro_blue"}}', 14, 1),
(11, 'Гостиный двор', '{"options":{"class":"i-metro_green"}}', 19, 1),
(12, 'Гражданский Проспект', '{"options":{"class":"i-metro_red"}}', 5, 1),
(13, 'Девяткино', '{"options":{"class":"i-metro_red"}}', 3, 1),
(14, 'Достоевская', '{"options":{"class":"i-metro_orange"}}', 19, 1),
(15, 'Елизаровская', '{"options":{"class":"i-metro_green"}}', 13, 1),
(16, 'Звёздная', '{"options":{"class":"i-metro_blue"}}', 12, 1),
(17, 'Звенигородская', '{"options":{"class":"i-metro_purple"}}', 1, 1),
(18, 'Кировский Завод', '{"options":{"class":"i-metro_red"}}', 6, 1),
(19, 'Комендантский Проспект', '{"options":{"class":"i-metro_purple"}}', 16, 1),
(20, 'Крестовский Остров', '{"options":{"class":"i-metro_purple"}}', 14, 1),
(21, 'Купчино', '{"options":{"class":"i-metro_blue"}}', 18, 1),
(22, 'Ладожская', '{"options":{"class":"i-metro_orange"}}', 8, 1),
(23, 'Ленинский Проспект', '{"options":{"class":"i-metro_red"}}', 6, 1),
(24, 'Лесная', '{"options":{"class":"i-metro_red"}}', 4, 1),
(25, 'Лиговский Проспект', '{"options":{"class":"i-metro_orange"}}', 19, 1),
(26, 'Ломоносовская', '{"options":{"class":"i-metro_green"}}', 13, 1),
(27, 'Маяковская', '{"options":{"class":"i-metro_green"}}', 19, 1),
(28, 'Международная', '{"options":{"class":"i-metro_purple"}}', 18, 1),
(29, 'Московская', '{"options":{"class":"i-metro_blue"}}', 12, 1),
(30, 'Московские Ворота', '{"options":{"class":"i-metro_blue"}}', 12, 1),
(31, 'Нарвская', '{"options":{"class":"i-metro_red"}}', 6, 1),
(32, 'Невский Проспект', '{"options":{"class":"i-metro_blue"}}', 19, 1),
(33, 'Новочеркасская', '{"options":{"class":"i-metro_orange"}}', 8, 1),
(34, 'Обводный Канал', '{"options":{"class":"i-metro_purple"}}', 18, 1),
(35, 'Обухово', '{"options":{"class":"i-metro_green"}}', 13, 1),
(36, 'Озерки', '{"options":{"class":"i-metro_blue"}}', 4, 1),
(37, 'Парк Победы', '{"options":{"class":"i-metro_blue"}}', 12, 1),
(38, 'Парнас', '{"options":{"class":"i-metro_blue"}}', 4, 1),
(39, 'Петроградская', '{"options":{"class":"i-metro_blue"}}', 14, 1),
(40, 'Пионерская', '{"options":{"class":"i-metro_blue"}}', 16, 1),
(41, 'Площадь Александра Невского 1', '{"options":{"class":"i-metro_green"}}', 19, 1),
(42, 'Площадь Александра Невского 2', '{"options":{"class":"i-metro_orange"}}', 19, 1),
(43, 'Площадь Восстания', '{"options":{"class":"i-metro_red"}}', 19, 1),
(44, 'Площадь Ленина', '{"options":{"class":"i-metro_red"}}', 5, 1),
(45, 'Площадь Мужества', '{"options":{"class":"i-metro_red"}}', 5, 1),
(46, 'Политехническая', '{"options":{"class":"i-metro_red"}}', 5, 1),
(47, 'Приморская', '{"options":{"class":"i-metro_green"}}', 2, 1),
(48, 'Пролетарская', '{"options":{"class":"i-metro_green"}}', 13, 1),
(49, 'Проспект Большевиков', '{"options":{"class":"i-metro_orange"}}', 13, 1),
(50, 'Проспект Ветеранов', '{"options":{"class":"i-metro_red"}}', 6, 1),
(51, 'Проспект Просвещения', '{"options":{"class":"i-metro_blue"}}', 4, 1),
(52, 'Пушкинская', '{"options":{"class":"i-metro_red"}}', 1, 1),
(53, 'Рыбацкое', '{"options":{"class":"i-metro_green"}}', 13, 1),
(54, 'Садовая', '{"options":{"class":"i-metro_purple"}}', 1, 1),
(55, 'Сенная Площадь', '{"options":{"class":"i-metro_blue"}}', 1, 1),
(56, 'Спасская', '{"options":{"class":"i-metro_orange"}}', 1, 1),
(57, 'Спортивная', '{"options":{"class":"i-metro_purple"}}', 14, 1),
(58, 'Старая Деревня', '{"options":{"class":"i-metro_purple"}}', 16, 1),
(59, 'Технологический Институт', '{"options":{"class":"i-metro_red"}}', 1, 1),
(60, 'Удельная', '{"options":{"class":"i-metro_blue"}}', 4, 1),
(61, 'Улица Дыбенко', '{"options":{"class":"i-metro_orange"}}', 13, 1),
(62, 'Фрунзенская', '{"options":{"class":"i-metro_blue"}}', 12, 1),
(63, 'Чёрная Речка', '{"options":{"class":"i-metro_blue"}}', 16, 1),
(64, 'Чернышевская', '{"options":{"class":"i-metro_red"}}', 19, 1),
(65, 'Чкаловская', '{"options":{"class":"i-metro_purple"}}', 14, 1),
(66, 'Электросила', '{"options":{"class":"i-metro_blue"}}', 12, 1);

-- --------------------------------------------------------

--
-- Структура таблицы `options`
--

CREATE TABLE IF NOT EXISTS `options` (
  `id` int(11) NOT NULL,
  `name` varchar(255) DEFAULT NULL
) ENGINE=InnoDB AUTO_INCREMENT=38 DEFAULT CHARSET=utf8;

--
-- Дамп данных таблицы `options`
--

INSERT INTO `options` (`id`, `name`) VALUES
(1, 'Кулер с водой'),
(2, 'Зеркальная стена'),
(3, 'Раздевалка'),
(4, 'Душ'),
(5, 'Wi-fi'),
(6, 'Станок'),
(7, 'Пилон'),
(8, 'Интерьер для съемки'),
(9, 'Коврики'),
(10, 'Сауна'),
(11, 'Тренер'),
(12, 'Маты'),
(13, 'Груши'),
(14, 'Подушки'),
(15, 'Ринг'),
(16, 'Зеркала'),
(17, 'Аренда инвентаря'),
(18, 'Заточка коньков'),
(19, 'Прокат коньков'),
(20, 'Ночные катания'),
(21, 'Камера хранения'),
(22, 'Гардероб'),
(23, 'Кафе'),
(24, 'Футбол S'),
(25, 'Футбол M'),
(26, 'Футбол L'),
(27, 'Баскетбол'),
(28, 'Волейбол'),
(29, 'Конференц-зал'),
(30, 'Переговорная'),
(31, 'Тренинги'),
(32, 'Семинары'),
(33, 'Проектор'),
(34, 'Экран'),
(35, 'Флипчарт'),
(36, 'Компьютер'),
(37, 'Организация мероприятий');

-- --------------------------------------------------------

--
-- Структура таблицы `price`
--

CREATE TABLE IF NOT EXISTS `price` (
  `id` int(11) NOT NULL,
  `min` int(11) DEFAULT NULL,
  `max` int(11) DEFAULT NULL
) ENGINE=InnoDB AUTO_INCREMENT=180 DEFAULT CHARSET=utf8;

--
-- Дамп данных таблицы `price`
--

INSERT INTO `price` (`id`, `min`, `max`) VALUES
(2, 300, 300),
(3, 250, 250),
(4, 400, 600),
(5, 700, 700),
(6, 250, 250),
(7, 500, 1000),
(8, 500, 700),
(9, 350, 350),
(10, 350, 350),
(11, 400, 400),
(12, 500, 500),
(13, 400, 600),
(14, 700, 700),
(15, 300, 300),
(16, 500, 500),
(17, 250, 250),
(18, 250, 450),
(19, 500, 500),
(20, 500, 850),
(21, 300, 900),
(22, 200, 200),
(23, 850, 1200),
(24, 500, 500),
(25, 500, 600),
(26, 350, 350),
(27, 500, 500),
(28, 500, 500),
(29, 300, 300),
(30, 300, 300),
(31, 250, 250),
(32, 350, 350),
(33, 500, 500),
(34, 300, 300),
(35, 500, 500),
(36, 500, 500),
(37, 700, 700),
(38, 400, 600),
(39, 400, 700),
(40, 400, 400),
(41, 700, 700),
(42, 500, 500),
(43, 550, 550),
(44, 550, 550),
(45, 550, 550),
(46, 550, 550),
(47, 550, 550),
(48, 550, 550),
(49, 550, 550),
(50, 550, 550),
(51, 550, 550),
(52, 550, 550),
(53, 400, 400),
(54, 500, 600),
(55, 800, 1000),
(56, 500, 500),
(57, 350, 350),
(58, 600, 600),
(59, 800, 1200),
(60, 500, 600),
(61, 600, 700),
(62, 300, 300),
(63, 300, 300),
(64, 500, 500),
(65, 500, 500),
(66, 300, 300),
(67, 300, 300),
(68, 300, 300),
(69, 300, 800),
(70, 300, 800),
(71, 300, 800),
(72, 800, 800),
(73, 900, 900),
(74, 600, 600),
(75, 300, 300),
(76, 800, 800),
(77, 800, 800),
(78, 0, 0),
(79, 0, 0),
(80, 800, 800),
(81, 800, 800),
(82, 400, 650),
(83, 700, 700),
(84, 300, 400),
(85, 300, 400),
(86, 350, 350),
(87, 200, 400),
(88, 900, 900),
(89, 600, 600),
(90, 300, 300),
(91, 0, 0),
(92, 250, 250),
(93, 450, 800),
(94, 450, 800),
(95, 450, 800),
(96, 400, 700),
(97, 400, 700),
(98, 500, 500),
(99, 250, 250),
(100, 250, 250),
(101, 250, 250),
(102, 250, 250),
(103, 400, 700),
(104, 500, 800),
(105, 500, 700),
(106, 300, 600),
(107, 400, 700),
(108, 300, 350),
(109, 300, 350),
(110, 500, 500),
(111, 400, 400),
(112, 600, 600),
(113, 600, 600),
(114, 350, 500),
(115, 1000, 1000),
(116, 500, 1000),
(117, 350, 650),
(118, 450, 450),
(120, 800, 800),
(121, 800, 800),
(122, 800, 800),
(123, 1500, 1500),
(124, 290, 950),
(125, 350, 350),
(126, 500, 500),
(127, 800, 1000),
(128, 1350, 2350),
(129, 1350, 2350),
(130, 400, 400),
(131, 500, 500),
(132, 1000, 1000),
(133, 0, 0),
(134, 0, 0),
(135, 0, 0),
(136, 0, 0),
(137, 0, 0),
(138, 0, 0),
(139, 0, 0),
(140, 0, 0),
(141, 0, 0),
(142, 0, 0),
(143, 0, 0),
(144, 0, 0),
(145, 0, 0),
(146, 0, 0),
(147, 0, 0),
(148, 0, 0),
(149, 0, 0),
(150, 0, 0),
(151, 0, 0),
(152, 0, 0),
(153, 0, 0),
(154, 0, 0),
(155, 3100, 3100),
(156, 3000, 7000),
(157, 0, 0),
(158, 0, 0),
(159, 3900, 3900),
(160, 0, 0),
(161, 4000, 27500),
(162, 1600, 1600),
(163, 0, 0),
(164, 1350, 1350),
(165, 1400, 1400),
(166, 600, 3300),
(167, 700, 1500),
(168, 700, 1500),
(169, 1500, 1500),
(170, 0, 0),
(171, 0, 0),
(172, 1300, 1300),
(173, 1300, 1300),
(174, 1300, 1300),
(175, 1300, 1300),
(176, 800, 800),
(177, 300, 300),
(178, 800, 800),
(179, 1000, 1000);

-- --------------------------------------------------------

--
-- Структура таблицы `profile`
--

CREATE TABLE IF NOT EXISTS `profile` (
  `id` int(11) NOT NULL,
  `name` varchar(255) DEFAULT NULL,
  `email` varchar(45) DEFAULT NULL,
  `phone` varchar(45) DEFAULT NULL,
  `images` mediumtext,
  `user_id` int(11) NOT NULL,
  `attribs` mediumtext
) ENGINE=InnoDB AUTO_INCREMENT=2 DEFAULT CHARSET=utf8;

--
-- Дамп данных таблицы `profile`
--

INSERT INTO `profile` (`id`, `name`, `email`, `phone`, `images`, `user_id`, `attribs`) VALUES
(1, 'Разработчик', 'support@example.com', '3330000', 'uploads/profile/icon_hRS5WQEkJlkoPs9py5vyXflyFevyb5L2.jpg', 2, NULL);

-- --------------------------------------------------------

--
-- Структура таблицы `town`
--

CREATE TABLE IF NOT EXISTS `town` (
  `id` int(11) NOT NULL,
  `name` varchar(255) DEFAULT NULL,
  `subdomain` varchar(255) DEFAULT NULL
) ENGINE=InnoDB AUTO_INCREMENT=3 DEFAULT CHARSET=utf8;

--
-- Дамп данных таблицы `town`
--

INSERT INTO `town` (`id`, `name`, `subdomain`) VALUES
(1, 'Санкт-Петербург', 'spb'),
(2, 'Москва', 'msk');

-- --------------------------------------------------------

--
-- Структура таблицы `user`
--

CREATE TABLE IF NOT EXISTS `user` (
  `id` int(11) NOT NULL,
  `created_at` int(11) DEFAULT NULL,
  `updated_at` int(11) DEFAULT NULL,
  `username` varchar(255) DEFAULT NULL,
  `auth_key` varchar(255) DEFAULT NULL,
  `email_confirm_token` varchar(255) DEFAULT NULL,
  `password_hash` varchar(255) DEFAULT NULL,
  `password_reset_token` varchar(255) DEFAULT NULL,
  `email` varchar(255) DEFAULT NULL,
  `status` int(11) DEFAULT NULL
) ENGINE=InnoDB AUTO_INCREMENT=3 DEFAULT CHARSET=utf8;

--
-- Дамп данных таблицы `user`
--

INSERT INTO `user` (`id`, `created_at`, `updated_at`, `username`, `auth_key`, `email_confirm_token`, `password_hash`, `password_reset_token`, `email`, `status`) VALUES
(1, 1431083612, 1431083612, 'guest', '9J7BVOWfh9NaQbepmTnf2trfSqr_rXdp', 'mKaLQTyOR4BgB2vVINkO49esuRb5CUiu', '$2y$13$RIDZO5scZiLBsq75/gx3/OwIbLH4XilQYxK.3A0zeI6jLAeWLiZaW', NULL, 'guest@example.com', 1),
(2, 1432647850, 1432647850, 'admin', 'YOrNM0mdy8Q16QeV9gXSqA157CgcXA7Z', 'Beagwlg1aQhmk_ejuAAqKTruNvAZuJkV', '$2y$13$7iYJrg0vGtRhjIqCsT3bGeHDS.HPm5HxMR4GUnuKbGSkmffADQpUq', NULL, 'admin@example.ru', 1);

--
-- Индексы сохранённых таблиц
--

--
-- Индексы таблицы `address`
--
ALTER TABLE `address`
  ADD PRIMARY KEY (`id`);

--
-- Индексы таблицы `category`
--
ALTER TABLE `category`
  ADD PRIMARY KEY (`id`);

--
-- Индексы таблицы `contacts`
--
ALTER TABLE `contacts`
  ADD PRIMARY KEY (`id`,`user_id`), ADD KEY `fk_agent_user1_idx` (`user_id`);

--
-- Индексы таблицы `district`
--
ALTER TABLE `district`
  ADD PRIMARY KEY (`id`,`town_id`,`category_id`), ADD KEY `fk_district_town1_idx` (`town_id`), ADD KEY `fk_district_directory_category1_idx` (`category_id`);

--
-- Индексы таблицы `district_category`
--
ALTER TABLE `district_category`
  ADD PRIMARY KEY (`id`);

--
-- Индексы таблицы `floor`
--
ALTER TABLE `floor`
  ADD PRIMARY KEY (`id`);

--
-- Индексы таблицы `hall`
--
ALTER TABLE `hall`
  ADD PRIMARY KEY (`id`,`floor_id`,`price_id`,`address_id`,`category_id`,`contacts_id`), ADD KEY `fk_hall_floor1_idx` (`floor_id`), ADD KEY `fk_hall_price1_idx` (`price_id`), ADD KEY `fk_hall_address1_idx` (`address_id`), ADD KEY `fk_hall_category1_idx` (`category_id`), ADD KEY `fk_hall_contacts1_idx` (`contacts_id`);

--
-- Индексы таблицы `hall_has_options`
--
ALTER TABLE `hall_has_options`
  ADD PRIMARY KEY (`hall_id`,`options_id`), ADD KEY `fk_hall_has_options_options1_idx` (`options_id`), ADD KEY `fk_hall_has_options_hall1_idx` (`hall_id`);

--
-- Индексы таблицы `metro`
--
ALTER TABLE `metro`
  ADD PRIMARY KEY (`id`,`district_id`,`district_town_id`), ADD KEY `fk_metro_district1_idx` (`district_id`,`district_town_id`), ADD KEY `fk_metro_town1` (`district_town_id`);

--
-- Индексы таблицы `options`
--
ALTER TABLE `options`
  ADD PRIMARY KEY (`id`);

--
-- Индексы таблицы `price`
--
ALTER TABLE `price`
  ADD PRIMARY KEY (`id`);

--
-- Индексы таблицы `profile`
--
ALTER TABLE `profile`
  ADD PRIMARY KEY (`id`,`user_id`), ADD KEY `fk_agent_user1_idx` (`user_id`);

--
-- Индексы таблицы `town`
--
ALTER TABLE `town`
  ADD PRIMARY KEY (`id`);

--
-- Индексы таблицы `user`
--
ALTER TABLE `user`
  ADD PRIMARY KEY (`id`);

--
-- AUTO_INCREMENT для сохранённых таблиц
--

--
-- AUTO_INCREMENT для таблицы `address`
--
ALTER TABLE `address`
  MODIFY `id` int(11) NOT NULL AUTO_INCREMENT,AUTO_INCREMENT=180;
--
-- AUTO_INCREMENT для таблицы `category`
--
ALTER TABLE `category`
  MODIFY `id` int(11) NOT NULL AUTO_INCREMENT,AUTO_INCREMENT=8;
--
-- AUTO_INCREMENT для таблицы `contacts`
--
ALTER TABLE `contacts`
  MODIFY `id` int(11) NOT NULL AUTO_INCREMENT,AUTO_INCREMENT=179;
--
-- AUTO_INCREMENT для таблицы `district`
--
ALTER TABLE `district`
  MODIFY `id` int(11) NOT NULL AUTO_INCREMENT,AUTO_INCREMENT=20;
--
-- AUTO_INCREMENT для таблицы `district_category`
--
ALTER TABLE `district_category`
  MODIFY `id` int(11) NOT NULL AUTO_INCREMENT,AUTO_INCREMENT=3;
--
-- AUTO_INCREMENT для таблицы `floor`
--
ALTER TABLE `floor`
  MODIFY `id` int(11) NOT NULL AUTO_INCREMENT,AUTO_INCREMENT=13;
--
-- AUTO_INCREMENT для таблицы `hall`
--
ALTER TABLE `hall`
  MODIFY `id` int(11) NOT NULL AUTO_INCREMENT,AUTO_INCREMENT=178;
--
-- AUTO_INCREMENT для таблицы `metro`
--
ALTER TABLE `metro`
  MODIFY `id` int(11) NOT NULL AUTO_INCREMENT,AUTO_INCREMENT=67;
--
-- AUTO_INCREMENT для таблицы `options`
--
ALTER TABLE `options`
  MODIFY `id` int(11) NOT NULL AUTO_INCREMENT,AUTO_INCREMENT=38;
--
-- AUTO_INCREMENT для таблицы `price`
--
ALTER TABLE `price`
  MODIFY `id` int(11) NOT NULL AUTO_INCREMENT,AUTO_INCREMENT=180;
--
-- AUTO_INCREMENT для таблицы `profile`
--
ALTER TABLE `profile`
  MODIFY `id` int(11) NOT NULL AUTO_INCREMENT,AUTO_INCREMENT=2;
--
-- AUTO_INCREMENT для таблицы `town`
--
ALTER TABLE `town`
  MODIFY `id` int(11) NOT NULL AUTO_INCREMENT,AUTO_INCREMENT=3;
--
-- AUTO_INCREMENT для таблицы `user`
--
ALTER TABLE `user`
  MODIFY `id` int(11) NOT NULL AUTO_INCREMENT,AUTO_INCREMENT=3;
--
-- Ограничения внешнего ключа сохраненных таблиц
--

--
-- Ограничения внешнего ключа таблицы `contacts`
--
ALTER TABLE `contacts`
ADD CONSTRAINT `fk_agent_user1` FOREIGN KEY (`user_id`) REFERENCES `user` (`id`) ON DELETE CASCADE ON UPDATE CASCADE;

--
-- Ограничения внешнего ключа таблицы `district`
--
ALTER TABLE `district`
ADD CONSTRAINT `fk_district_directory_category1` FOREIGN KEY (`category_id`) REFERENCES `district_category` (`id`) ON DELETE NO ACTION ON UPDATE NO ACTION,
ADD CONSTRAINT `fk_district_town1` FOREIGN KEY (`town_id`) REFERENCES `town` (`id`);

--
-- Ограничения внешнего ключа таблицы `hall`
--
ALTER TABLE `hall`
ADD CONSTRAINT `fk_hall_address1` FOREIGN KEY (`address_id`) REFERENCES `address` (`id`) ON DELETE CASCADE ON UPDATE CASCADE,
ADD CONSTRAINT `fk_hall_category1` FOREIGN KEY (`category_id`) REFERENCES `category` (`id`) ON UPDATE CASCADE,
ADD CONSTRAINT `fk_hall_contacts1` FOREIGN KEY (`contacts_id`) REFERENCES `contacts` (`id`) ON DELETE NO ACTION ON UPDATE NO ACTION,
ADD CONSTRAINT `fk_hall_floor1` FOREIGN KEY (`floor_id`) REFERENCES `floor` (`id`) ON UPDATE NO ACTION,
ADD CONSTRAINT `fk_hall_price1` FOREIGN KEY (`price_id`) REFERENCES `price` (`id`) ON DELETE CASCADE ON UPDATE CASCADE;

--
-- Ограничения внешнего ключа таблицы `hall_has_options`
--
ALTER TABLE `hall_has_options`
ADD CONSTRAINT `fk_hall_has_options_hall1` FOREIGN KEY (`hall_id`) REFERENCES `hall` (`id`) ON DELETE CASCADE ON UPDATE CASCADE,
ADD CONSTRAINT `fk_hall_has_options_options1` FOREIGN KEY (`options_id`) REFERENCES `options` (`id`) ON DELETE CASCADE ON UPDATE CASCADE;

--
-- Ограничения внешнего ключа таблицы `metro`
--
ALTER TABLE `metro`
ADD CONSTRAINT `fk_metro_district1` FOREIGN KEY (`district_id`, `district_town_id`) REFERENCES `district` (`id`, `town_id`) ON DELETE CASCADE ON UPDATE CASCADE;

--
-- Ограничения внешнего ключа таблицы `profile`
--
ALTER TABLE `profile`
ADD CONSTRAINT `fk_agent_user10` FOREIGN KEY (`user_id`) REFERENCES `user` (`id`) ON DELETE CASCADE ON UPDATE CASCADE;

/*!40101 SET CHARACTER_SET_CLIENT=@OLD_CHARACTER_SET_CLIENT */;
/*!40101 SET CHARACTER_SET_RESULTS=@OLD_CHARACTER_SET_RESULTS */;
/*!40101 SET COLLATION_CONNECTION=@OLD_COLLATION_CONNECTION */;
