-- phpMyAdmin SQL Dump
-- version 4.3.13
-- http://www.phpmyadmin.net
--
-- Хост: localhost
-- Время создания: Май 29 2015 г., 11:20
-- Версия сервера: 5.6.23-1~dotdeb.3
-- Версия PHP: 5.4.40-1~dotdeb+wheezy.1

SET SQL_MODE = "NO_AUTO_VALUE_ON_ZERO";
SET time_zone = "+00:00";


/*!40101 SET @OLD_CHARACTER_SET_CLIENT=@@CHARACTER_SET_CLIENT */;
/*!40101 SET @OLD_CHARACTER_SET_RESULTS=@@CHARACTER_SET_RESULTS */;
/*!40101 SET @OLD_COLLATION_CONNECTION=@@COLLATION_CONNECTION */;
/*!40101 SET NAMES utf8 */;

--
-- База данных: `zali_v_arendu`
--

-- --------------------------------------------------------

--
-- Структура таблицы `address`
--

CREATE TABLE IF NOT EXISTS `address` (
  `id` int(11) NOT NULL,
  `town` varchar(255) DEFAULT NULL,
  `district` varchar(255) DEFAULT NULL,
  `street` varchar(255) DEFAULT NULL,
  `house` varchar(45) DEFAULT NULL,
  `block` varchar(45) DEFAULT NULL,
  `comment` mediumtext,
  `metro` varchar(255) DEFAULT NULL
) ENGINE=InnoDB AUTO_INCREMENT=119 DEFAULT CHARSET=utf8;

--
-- Дамп данных таблицы `address`
--

INSERT INTO `address` (`id`, `town`, `district`, `street`, `house`, `block`, `comment`, `metro`) VALUES
(2, 'Санкт-Петербург', 'Петроградский', 'Чкаловский', '15', '', '', 'Чкаловская'),
(3, 'Санкт-Петербург', 'Петроградский', 'Планерная', '20', '', '', 'Петроградская'),
(4, 'Санкт-Петербург', 'Центральный', 'Казанская', '7', '', '', 'Невский проспект'),
(5, 'Санкт-Петербург', 'Адмиралтейский', 'Звенигородская', '11', '', '', 'Звенигородская'),
(6, 'Санкт-Петербург', 'Адмиралтейский', 'Обводного канала', '134', '3', '', 'Балтийская'),
(7, 'Санкт-Петербург', 'Приморский', 'Стародеревенская ул.', '34', '1', '', 'Комендантский проспект'),
(8, 'Санкт-Петербург', 'Центральный', 'Банковский переулок', '3', '', '', 'Гостинный двор'),
(9, 'Санкт-Петербург', 'Центральный', 'Казанская ул.', '', '', '', 'Невский проспект'),
(10, 'Санкт-Петербург', 'Петроградский', 'Большая Пушкарская ул.', '35', '', '', 'Петроградская'),
(11, 'Санкт-Петербург', 'Невский', 'пр. Солидарности', '9', '3', '', 'проспект Большевиков'),
(12, 'Санкт-Петербург', 'Центральный', 'Мытнинская ул.', '15', '', '', 'площадь Восстания'),
(13, 'Санкт-Петербург', 'Центральный', 'Ефимова ул.', '4', '', '', 'Сенная площадь'),
(14, 'Санкт-Петербург', 'Центральный', 'Кузнечный переулок', '6', '', '', 'Владимирская'),
(15, 'Санкт-Петербург', 'Центральный', 'Чайковского ул.', '', '', '', 'Чернышевская'),
(16, 'Санкт-Петербург', 'Кировский', 'пр. Стачек', '138', '', '', 'Ленинский проспект'),
(17, 'Санкт-Петербург', 'Василеостровский', 'Большой Проспект ВО', '89', '', '', 'Василеостровская'),
(18, 'Санкт-Петербург', 'Московский', 'Кузнецовская ул.', '22', '', '', 'Электросила'),
(19, 'Санкт-Петербург', 'Московский', 'пр. Юрия Гагарина', '19', '', '', 'Парк Победы'),
(20, 'Санкт-Петербург', 'Центральный', 'Казначейская ул.', '2', '', '', 'Садовая'),
(21, 'Санкт-Петербург', 'Невский', 'пр. Обуховской обороны', '72', '', '', 'Елизаровская'),
(22, 'Санкт-Петербург', 'Центральный', 'Лиговский пр.', '115', '', '', 'Обводный канал'),
(23, 'Санкт-Петербург', 'Петроградский', 'Большая Пушкарская ул.', '20', '', '', 'Чкаловская'),
(24, 'Санкт-Петербург', 'Адмиралтейский', 'Казанская ул.', '7', '', '', 'Невский проспект'),
(25, 'Санкт-Петербург', 'Выборгский', 'Лесной пр.', '59/7', '', '', 'Лесная'),
(26, 'Санкт-Петербург', 'Калининский', 'Светлановский пр.', '54В', '', '', 'Гражданский проспект'),
(27, 'Санкт-Петербург', 'Калининский', 'Светлановский пр.', '54В', '', '', 'Гражданский проспект'),
(28, 'Санкт-Петербург', 'Кировский', 'пр. Стачек', '138', '', '', 'Ленинский проспект'),
(29, 'Санкт-Петербург', 'Кировский', 'ул.Васи Алексеева', '9', '1', '', 'Кировский завод'),
(30, 'Санкт-Петербург', 'Кировский', 'пр. Стачек', '111', '', '', 'Ленинский проспект'),
(31, 'Санкт-Петербург', 'Московский', 'ул. Кузнецовская', '22', '', '', 'Парк Победы'),
(32, 'Санкт-Петербург', 'Московский', 'ул. Кузнецовская', '22', '', '', 'Парк Победы'),
(33, 'Санкт-Петербург', 'Московский', 'ул. Кузнецовская', '22', '', '', 'Парк Победы'),
(34, 'Санкт-Петербург', 'Московский', 'ул. Иркутская', '4А', '', '', 'Электросила'),
(35, 'Санкт-Петербург', 'Московский', 'Лиговский пр.', '254', '', '', 'Московские ворота'),
(36, 'Санкт-Петербург', 'Петроградский', 'Большая Пушкарская ул.', '8', '', '', 'Спортивная'),
(37, 'Санкт-Петербург', 'Петроградский', 'ул. Мира', '3', '', '', 'Горьковская'),
(38, 'Санкт-Петербург', 'Петроградский', 'ул. Мира', '3', '', '', 'Горьковская'),
(39, 'Санкт-Петербург', 'Петроградский', 'ул. Мира', '3', '', '', 'Горьковская'),
(40, 'Санкт-Петербург', 'Петроградский', 'Чкаловский пр.', '15', '', '', 'Чкаловская'),
(41, 'Санкт-Петербург', 'Петроградский', 'Чкаловский пр.', '15', '', '', 'Чкаловская'),
(42, 'Санкт-Петербург', 'Петроградский', 'Чкаловский пр.', '15', '', '', 'Чкаловская'),
(43, 'Санкт-Петербург', 'Петроградский', 'Чкаловский пр.', '15', '', '', 'Чкаловская'),
(44, 'Санкт-Петербург', 'Петроградский', 'Чкаловский пр.', '15', '', '', 'Чкаловская'),
(45, 'Санкт-Петербург', 'Петроградский', 'Чкаловский пр.', '15', '', '', 'Чкаловская'),
(46, 'Санкт-Петербург', 'Петроградский', 'Чкаловский пр.', '15', '', '', 'Чкаловская'),
(47, 'Санкт-Петербург', 'Петроградский', 'Чкаловский пр.', '15', '', '', 'Чкаловская'),
(48, 'Санкт-Петербург', 'Петроградский', 'Чкаловский пр.', '15', '', '', 'Чкаловская'),
(49, 'Санкт-Петербург', 'Петроградский', 'Чкаловский пр.', '15', '', '', 'Чкаловская'),
(50, 'Санкт-Петербург', 'Петроградский', 'Чкаловский пр.', '15', '', '', 'Чкаловская'),
(51, 'Санкт-Петербург', 'Петроградский', 'Чкаловский пр.', '15', '', '', 'Чкаловская'),
(52, 'Санкт-Петербург', 'Петроградский', 'Чкаловский пр.', '15', '', '', 'Чкаловская'),
(53, 'Санкт-Петербург', 'Приморский', 'Дибуновская ул.', '50', '', '', 'Старая Деревня'),
(54, 'Санкт-Петербург', 'Центральный', 'Лиговский пр.', '50', '6', '', 'Лиговский проспект'),
(55, 'Санкт-Петербург', 'Центральный', 'Лиговский пр.', '50', '6', '', 'Лиговский проспект'),
(56, 'Санкт-Петербург', 'Центральный', 'наб. Обводного канала', '93а', '', '', 'Звенигородская'),
(57, 'Санкт-Петербург', 'Центральный', 'ул. Рубинштейна', '6', '', '', 'Маяковская'),
(58, 'Санкт-Петербург', 'Центральный', 'Невский пр.', '142/2', '', '', 'Площадь Восстания'),
(59, 'Санкт-Петербург', 'Центральный', 'ул. Марата', '47 - 49', '', '', 'Достоевская'),
(60, 'Санкт-Петербург', 'Центральный', 'ул. Марата', '47 - 49', '', '', 'Достоевская'),
(61, 'Санкт-Петербург', 'Центральный', 'ул. Марата', '47 - 49', '', '', 'Достоевская'),
(62, 'Санкт-Петербург', 'Центральный', 'ул. Звенигородская', '11', '', '', 'Звенигородская'),
(63, 'Санкт-Петербург', 'Центральный', 'ул. Чайковского', '12', '', '', 'Чернышевская'),
(64, 'Санкт-Петербург', 'Центральный', 'Невский пр.', '124', '', '', 'Площадь Восстания'),
(65, 'Санкт-Петербург', 'Центральный', 'Невский пр.', '124', '', '', 'Площадь Восстания'),
(66, 'Санкт-Петербург', 'Центральный', 'Суворовский пр.', '39', '', '', 'Площадь Восстания'),
(67, 'Санкт-Петербург', 'Центральный', 'Суворовский пр.', '39', '', '', 'Площадь Восстания'),
(68, 'Санкт-Петербург', 'Центральный', 'Суворовский пр.', '39', '', '', 'Площадь Восстания'),
(69, 'Санкт-Петербург', 'Центральный', 'ул. Звенигородская', '11', '', '', 'Звенигородская'),
(70, 'Санкт-Петербург', 'Центральный', 'ул. Звенигородская', '11', '', '', 'Звенигородская'),
(71, 'Санкт-Петербург', 'Центральный', 'ул. Звенигородская', '11', '', '', 'Звенигородская'),
(72, 'Санкт-Петербург', 'Выборгский', 'пр. Энгельса', '33', '1', '', 'Удельная'),
(73, 'Санкт-Петербург', 'Невский', 'пр. Обуховской Обороны', '72', '', '', 'Елизаровская'),
(74, 'Санкт-Петербург', 'Невский', 'пр. Обуховской Обороны', '72', '', '', 'Елизаровская'),
(75, 'Санкт-Петербург', 'Невский', 'пр. Обуховской Обороны', '72', '', '', 'Елизаровская'),
(76, 'Санкт-Петербург', 'Невский', 'ул. Коллонтай', '31', '1', '', 'Проспект Большевиков'),
(77, 'Санкт-Петербург', 'Московский', 'Пулковское ш.', '35', '', '', 'Московская'),
(78, 'Санкт-Петербург', 'Петроградский', 'Аптекарская наб.', '20', '', '', 'Петроградская'),
(79, 'Санкт-Петербург', 'Петроградский', 'Аптекарская наб.', '20', '', '', 'Петроградская'),
(80, 'Санкт-Петербург', 'Приморский', 'пр. Коломяжский', '17', '', '', 'Пионерская'),
(81, 'Санкт-Петербург', 'Московский', 'ул. Я. Гашека', '17А', '', '', 'Купчино'),
(82, 'Санкт-Петербург', 'Кировский', 'пр. Стачек', '170', '', '', 'Проспект Ветеранов'),
(83, 'Санкт-Петербург', 'Московский', 'ул. Цветочная', '19', '', '', 'Московские ворота'),
(84, 'Санкт-Петербург', 'Приморский', 'ул. Стародеревенская', '34б', '', '', 'Комендантский проспект'),
(85, 'Санкт-Петербург', 'Приморский', 'ул. Стародеревенская', '34б', '', '', 'Комендантский проспект'),
(86, 'Санкт-Петербург', 'Василеостровский', 'ул. Гаванская', '34', '', '', 'Василеостровская'),
(87, 'Санкт-Петербург', 'Невский', 'пр. Обуховской обороны', '119б', '', '', 'Елизаровская'),
(88, 'Санкт-Петербург', 'Невский', 'пр. Обуховской обороны', '72', '', '', 'Елизаровская'),
(89, 'Санкт-Петербург', 'Невский', 'пр. Обуховской обороны', '72', '', '', 'Елизаровская'),
(90, 'Санкт-Петербург', 'Невский', 'пр. Обуховской обороны', '72', '', '', 'Елизаровская'),
(91, 'Санкт-Петербург', '', 'Чкаловский пр.', '', '', '', ''),
(92, 'Санкт-Петербург', 'Невский', 'Искровский пр.', '12', '', '', 'Проспект Большевиков'),
(93, 'Санкт-Петербург', 'Адмиралтейский', 'ул. Малая Морская', '20', '', '', 'Адмиралтейская'),
(94, 'Санкт-Петербург', 'Адмиралтейский', 'ул. Малая Морская', '20', '', '', 'Адмиралтейская'),
(95, 'Санкт-Петербург', 'Адмиралтейский', 'ул. Малая Морская', '20', '', '', 'Адмиралтейская'),
(96, 'Санкт-Петербург', 'Адмиралтейский', 'Клинский пр.', '25', '', '', 'Технологический институт 1'),
(97, 'Санкт-Петербург', 'Адмиралтейский', 'Клинский пр.', '25', '', '', 'Технологический институт 1'),
(98, 'Санкт-Петербург', 'Центральный', 'Загородный пр.', '35', '', '', 'Звенигородская'),
(99, 'Санкт-Петербург', 'Василеостровский', '8-я линия В.О.', '33', '', '', 'Василеостровская'),
(100, 'Санкт-Петербург', 'Василеостровский', '8-я линия В.О.', '33', '', '', 'Василеостровская'),
(101, 'Санкт-Петербург', 'Василеостровский', '8-я линия В.О.', '33', '', '', 'Василеостровская'),
(102, 'Санкт-Петербург', 'Невский', 'Октябрьская наб.', '149', '', '', 'Ломоносовская'),
(103, 'Санкт-Петербург', 'Адмиралтейский', '8-я Красноармейская ул.', '5', '', '', 'Технологический институт 1'),
(104, 'Санкт-Петербург', 'Центральный', '7-я Советская ул.', '16', '', '', 'Площадь Восстания'),
(105, 'Санкт-Петербург', 'Центральный', '7-я Советская ул.', '16', '', '', 'Площадь Восстания'),
(106, 'Санкт-Петербург', 'Центральный', '7-я Советская ул.', '16', '', '', 'Площадь Восстания'),
(107, 'Санкт-Петербург', 'Центральный', '7-я Советская ул.', '16', '', '', 'Площадь Восстания'),
(108, 'Санкт-Петербург', 'Адмиралтейский', '12-я Красноармейская ул.', '19', '', '', 'Балтийская'),
(109, 'Санкт-Петербург', 'Адмиралтейский', '12-я Красноармейская ул.', '19', '', '', 'Балтийская'),
(110, 'Санкт-Петербург', 'Адмиралтейский', '10-я Красноармейская ул.', '15', '', '', 'Балтийская'),
(111, 'Санкт-Петербург', 'Адмиралтейский', '10-я Красноармейская ул.', '15', '', '', 'Балтийская'),
(112, 'Санкт-Петербург', 'Адмиралтейский', 'Подъездной пер.', '10', '', '', 'Пушкинская'),
(113, 'Санкт-Петербург', 'Адмиралтейский', 'Подъездной пер.', '10', '', '', 'Пушкинская'),
(114, 'Санкт-Петербург', 'Адмиралтейский', 'наб. Обводного канала', '136', '', '', 'Балтийская'),
(115, 'Санкт-Петербург', 'Адмиралтейский', 'Клинский пр.', '25', '', '', 'Технологический институт 1'),
(116, 'Санкт-Петербург', 'Адмиралтейский', 'Звенигородская ул.', '11', '', '', 'Звенигородская'),
(117, 'Санкт-Петербург', 'Адмиралтейский', 'Звенигородская ул.', '11', '', '', 'Звенигородская'),
(118, 'Санкт-Петербург', 'Выборгский', 'Выборгское ш.', '34', '', '', 'Озерки');

-- --------------------------------------------------------

--
-- Структура таблицы `category`
--

CREATE TABLE IF NOT EXISTS `category` (
  `id` int(11) NOT NULL,
  `name` varchar(255) DEFAULT NULL
) ENGINE=InnoDB AUTO_INCREMENT=8 DEFAULT CHARSET=utf8;

--
-- Дамп данных таблицы `category`
--

INSERT INTO `category` (`id`, `name`) VALUES
(1, 'Танцевальный зал'),
(2, 'Спортивный зал'),
(3, 'Ледовый зал'),
(4, 'Конференц зал'),
(5, 'Йога'),
(6, 'Единоборства'),
(7, 'Акробатика');

-- --------------------------------------------------------

--
-- Структура таблицы `contacts`
--

CREATE TABLE IF NOT EXISTS `contacts` (
  `id` int(11) NOT NULL,
  `name` varchar(255) DEFAULT NULL,
  `email` varchar(45) DEFAULT NULL,
  `phone` varchar(45) DEFAULT NULL,
  `user_id` int(11) NOT NULL
) ENGINE=InnoDB AUTO_INCREMENT=118 DEFAULT CHARSET=utf8;

--
-- Дамп данных таблицы `contacts`
--

INSERT INTO `contacts` (`id`, `name`, `email`, `phone`, `user_id`) VALUES
(1, '', '', '79522234322', 1),
(2, '', '', '79626962222', 1),
(3, '', '', '79112494689', 1),
(4, '', '', '79062473419', 1),
(5, '', '', '79213413047', 1),
(6, '', '', '79119227468', 2),
(7, '', '', '79119909395', 2),
(8, '', '', '79052535923', 2),
(9, '', '', '79052535923', 2),
(10, '', '', '79219435884', 2),
(11, '', '', '79211872620', 2),
(12, '', '', '79111573454', 2),
(13, '', '', '79602365546', 2),
(14, '', '', '79219441608', 2),
(15, '', '', '79112608025', 2),
(16, '', '', '79219778789', 2),
(17, '', '', '79312515775', 2),
(18, '', '', '79219563938', 2),
(19, '', '', '79215553969', 2),
(20, '', '', '79219514221', 2),
(21, '', '', '79213910522', 2),
(22, '', '', '89052006040', 2),
(23, '', '', '89216517228', 2),
(24, 'Владимир', '', '89119273031', 2),
(25, 'Танцевальная студия Gloss', '', '89219694824', 2),
(26, 'Танцевальная студия Gloss', '', '89219694824', 2),
(27, 'Динара', '', '89112608025', 2),
(28, 'Юлия Викторовна', '', '9232241', 2),
(29, 'Алёна', '', '89095889483', 2),
(30, 'София Джуробаева', '', '89312515775', 2),
(31, 'София Джуробаева', '', '89312515775', 2),
(32, 'София Джуробаева', '', '89312515775', 2),
(33, 'Александра', '', '89119428312', 2),
(34, 'Елена', '', '89117770773', 2),
(35, 'Александр', '', '89215992334', 2),
(36, '', '', '89119233840', 2),
(37, '', '', '89052535923', 2),
(38, '', '', '89052535923', 2),
(39, 'Юрий', '', '89118274785', 2),
(40, '', '', '89052052210', 2),
(41, '', '', '89062473419', 2),
(42, 'Печатный Двор', '', '89522234322', 2),
(43, 'Печатный Двор', '', '89522234322', 2),
(44, 'Печатный Двор', '', '89522234322', 2),
(45, 'Печатный Двор', '', '89522234322', 2),
(46, 'Печатный Двор', '', '89522234322', 2),
(47, 'Печатный Двор', '', '89522234322', 2),
(48, 'Печатный Двор', '', '89522234322', 2),
(49, 'Печатный Двор', '', '89522234322', 2),
(50, 'Печатный Двор', '', '89522234322', 2),
(51, 'Печатный Двор', '', '89522234322', 2),
(52, 'Марина', '', '89219518501', 2),
(53, 'Светлана', '', '89119202412', 2),
(54, 'Светлана', '', '89119202412', 2),
(55, 'Петрова Ольга', '', '89643822922', 2),
(56, 'Алиса', '', '89523579661', 2),
(57, 'Светлана', '', '89052673596', 2),
(58, 'СТК Экспромт', '', '9210376', 2),
(59, 'СТК Экспромт', '', '9210376', 2),
(60, 'СТК Экспромт', '', '9210376', 2),
(61, 'Юлия', '', '89046405097', 2),
(62, 'Юлия', '', '89046405097', 2),
(63, 'Студия Монте-Карло', '', '89219514695', 2),
(64, 'Студия Монте-Карло', '', '89219514695', 2),
(65, '', '', '89219501012', 2),
(66, '', '', '89219501012', 2),
(67, '', '', '89219501012', 2),
(68, 'Форсаж (танц. студия)', '', '89218948595', 2),
(69, 'Форсаж (танц. студия)', '', '89218948595', 2),
(70, 'Форсаж (танц. студия)', '', '89218948595', 2),
(71, 'Фитнес Хаус', '', '6100606', 2),
(72, 'Семейный центр "Дом лета"', '', '9514221', 2),
(73, 'Семейный центр "Дом лета"', '', '9514221', 2),
(74, 'Семейный центр "Дом лета"', '', '9514221', 2),
(75, 'Фитнес Хаус', '', '6100606', 2),
(76, 'Фитнес Хаус', '', '6100606', 2),
(77, 'ImpressDance', '', '401-48-68', 2),
(78, 'ImpressDance', '', '401-48-68', 2),
(79, 'Фитнес Хаус', '', '6100606', 2),
(80, 'Фитнес Хаус', '', '6100606', 2),
(81, 'спортклуб Олимп Фитнес', '', '9866915', 2),
(82, 'Спортивно-танцевальный центр "Ника"', '', '89118420507, 9546605', 2),
(83, '', '', '89500160070', 2),
(84, '', '', '89500160070', 2),
(85, 'Владимир', '', '89045599000, 3569402', 2),
(86, '', '', '89217536126', 2),
(87, '', '', '9514221, 9514887', 2),
(88, '', '', '9514221, 9514887', 2),
(89, '', '', '9514221, 9514887', 2),
(90, '', '', ' - ', 2),
(91, '', '', '89215823774', 2),
(92, 'Танцевальная студива Expression', '', '4480729', 2),
(93, 'Танцевальная студива Expression', '', '4480729', 2),
(94, 'Танцевальная студива Expression', '', '4480729', 2),
(95, 'SOUL BEAT', '', '9884838', 2),
(96, 'SOUL BEAT', '', '9884838', 2),
(97, '', '', '89213762462', 2),
(98, '', '', '9360038', 2),
(99, '', '', '9360038', 2),
(100, '', '', '9360038', 2),
(101, '', '', '9360038', 2),
(102, 'ТРИУМФ', '', '9237170', 2),
(103, 'ТРИУМФ', '', '9566549', 2),
(104, 'ТРИУМФ', '', '9566549', 2),
(105, 'ТРИУМФ', '', '9566549', 2),
(106, 'ТРИУМФ', '', '9566549', 2),
(107, 'FLAT 19', '', '9158284', 2),
(108, 'FLAT 19', '', '9158284', 2),
(109, 'КОНТРАСТ', '', '89213932328, 89213649318', 2),
(110, 'КОНТРАСТ', '', '89213932328, 89213649318', 2),
(111, 'VALERY LAB', '', '9837383', 2),
(112, 'VALERY LAB', '', '9837383', 2),
(113, 'Людмила (CEILI CLUB)', '', '89213636693', 2),
(114, 'КВАРТАЛ ТАНГО', '', '89110163716', 2),
(115, 'Алиса (ЭЙФОРИЯ)', '', '89213718259', 2),
(116, 'Алиса (ЭЙФОРИЯ)', '', '89213718259', 2),
(117, '', '', '947-50-24', 2);

-- --------------------------------------------------------

--
-- Структура таблицы `district`
--

CREATE TABLE IF NOT EXISTS `district` (
  `id` int(11) NOT NULL,
  `name` varchar(255) DEFAULT NULL,
  `town_id` int(11) NOT NULL
) ENGINE=InnoDB AUTO_INCREMENT=20 DEFAULT CHARSET=utf8;

--
-- Дамп данных таблицы `district`
--

INSERT INTO `district` (`id`, `name`, `town_id`) VALUES
(1, 'Адмиралтейский', 1),
(2, 'Василеостровский', 1),
(3, 'Всеволожский', 1),
(4, 'Выборгский', 1),
(5, 'Калининский', 1),
(6, 'Кировский', 1),
(7, 'Колпинский', 1),
(8, 'Красногвардейский', 1),
(9, 'Красносельский', 1),
(10, 'Кронштадтский', 1),
(11, 'Курортный', 1),
(12, 'Московский', 1),
(13, 'Невский', 1),
(14, 'Петроградский', 1),
(15, 'Петродворцовый', 1),
(16, 'Приморский', 1),
(17, 'Пушкинский', 1),
(18, 'Фрунзенский', 1),
(19, 'Центральный', 1);

-- --------------------------------------------------------

--
-- Структура таблицы `floor`
--

CREATE TABLE IF NOT EXISTS `floor` (
  `id` int(11) NOT NULL,
  `name` varchar(45) DEFAULT NULL
) ENGINE=InnoDB AUTO_INCREMENT=6 DEFAULT CHARSET=utf8;

--
-- Дамп данных таблицы `floor`
--

INSERT INTO `floor` (`id`, `name`) VALUES
(1, 'Линолеум'),
(2, 'Ламинат'),
(4, 'Паркет'),
(5, 'Винил');

-- --------------------------------------------------------

--
-- Структура таблицы `hall`
--

CREATE TABLE IF NOT EXISTS `hall` (
  `id` int(11) NOT NULL,
  `name` varchar(255) DEFAULT NULL,
  `attribs` mediumtext,
  `square` int(11) DEFAULT '0',
  `images` mediumtext,
  `optional_equipment` mediumtext,
  `created_at` int(11) NOT NULL,
  `updated_at` int(11) NOT NULL,
  `public` tinyint(1) DEFAULT '1',
  `deleted` tinyint(1) DEFAULT '0',
  `floor_id` int(11) NOT NULL,
  `price_id` int(11) NOT NULL,
  `address_id` int(11) NOT NULL,
  `category_id` int(11) NOT NULL,
  `contacts_id` int(11) NOT NULL
) ENGINE=InnoDB AUTO_INCREMENT=118 DEFAULT CHARSET=utf8;

--
-- Дамп данных таблицы `hall`
--

INSERT INTO `hall` (`id`, `name`, `attribs`, `square`, `images`, `optional_equipment`, `created_at`, `updated_at`, `public`, `deleted`, `floor_id`, `price_id`, `address_id`, `category_id`, `contacts_id`) VALUES
(1, 'Чкаловский, д.15', '{"images":[{"original":"uploads\\/noimage.jpg","thumbnail":"uploads\\/th_noimage.jpg","slide":"uploads\\/slide_noimage.jpg"}],"geocode":"[\\"59.9626638\\",\\"30.2957918\\"]"}', 35, NULL, '', 1432641783, 1432641783, 1, NULL, 1, 2, 2, 1, 1),
(2, 'Планерная, д.20', '{"images":[{"original":"uploads\\/noimage.jpg","thumbnail":"uploads\\/th_noimage.jpg","slide":"uploads\\/slide_noimage.jpg"}],"geocode":"[\\"60.0025942\\",\\"30.2347898\\"]"}', 35, NULL, '', 1432642186, 1432642186, 1, NULL, 5, 3, 3, 1, 2),
(3, 'Казанская, д.7', '{"images":[{"original":"uploads\\/noimage.jpg","thumbnail":"uploads\\/th_noimage.jpg","slide":"uploads\\/slide_noimage.jpg"}],"geocode":"[\\"59.9252645\\",\\"30.4294255\\"]"}', 50, NULL, '', 1432642445, 1432642445, 1, NULL, 1, 4, 4, 1, 3),
(4, 'Звенигородская, д.11', '{"images":[{"original":"uploads\\/noimage.jpg","thumbnail":"uploads\\/th_noimage.jpg","slide":"uploads\\/slide_noimage.jpg"}],"geocode":"[\\"59.920141\\",\\"30.3391156\\"]"}', 75, NULL, '', 1432642637, 1432642637, 1, NULL, 1, 5, 5, 1, 4),
(5, 'Обводного канала, д.134, к.3', '{"images":[{"original":"uploads\\/noimage.jpg","thumbnail":"uploads\\/th_noimage.jpg","slide":"uploads\\/slide_noimage.jpg"}],"geocode":"[\\"59.9084005\\",\\"30.2894966\\"]"}', 35, NULL, '', 1432647746, 1432647746, 1, NULL, 2, 6, 6, 1, 5),
(6, 'Стародеревенская ул., д.34, к.1', '{"images":[{"original":"uploads\\/noimage.jpg","thumbnail":"uploads\\/th_noimage.jpg","slide":"uploads\\/slide_noimage.jpg"}],"geocode":"[\\"59.9626638\\",\\"30.2957918\\"]"}', 62, '', 'маты, степы', 1432647746, 1432647746, 1, 0, 1, 7, 7, 1, 6),
(7, 'Банковский переулок, д.3', '{"images":[{"original":"uploads\\/noimage.jpg","thumbnail":"uploads\\/th_noimage.jpg","slide":"uploads\\/slide_noimage.jpg"}],"geocode":"[\\"59.9626638\\",\\"30.2957918\\"]"}', 0, '', '', 1432647746, 1432647746, 1, 0, 2, 8, 8, 1, 7),
(8, 'Казанская ул., д.', '{"images":[{"original":"uploads\\/noimage.jpg","thumbnail":"uploads\\/th_noimage.jpg","slide":"uploads\\/slide_noimage.jpg"}],"geocode":"[\\"59.9626638\\",\\"30.2957918\\"]"}', 60, '', 'ауд.: 515, 516 и 517', 1432647746, 1432647746, 1, 0, 2, 9, 9, 1, 8),
(9, 'Большая Пушкарская ул., д.35', '{"images":[{"original":"uploads\\/noimage.jpg","thumbnail":"uploads\\/th_noimage.jpg","slide":"uploads\\/slide_noimage.jpg"}],"geocode":"[\\"59.9626638\\",\\"30.2957918\\"]"}', 0, '', 'ауд.: 418 и 517', 1432647746, 1432647746, 1, 0, 1, 10, 10, 1, 9),
(10, 'пр. Солидарности, д.9, к.3', '{"images":[{"original":"uploads\\/noimage.jpg","thumbnail":"uploads\\/th_noimage.jpg","slide":"uploads\\/slide_noimage.jpg"}],"geocode":"[\\"59.9626638\\",\\"30.2957918\\"]"}', 30, '', 'фитболы', 1432647746, 1432647746, 1, 0, 2, 11, 11, 1, 10),
(11, 'Мытнинская ул., д.15', '{"images":[{"original":"uploads\\/noimage.jpg","thumbnail":"uploads\\/th_noimage.jpg","slide":"uploads\\/slide_noimage.jpg"}],"geocode":"[\\"59.9626638\\",\\"30.2957918\\"]"}', 80, '', '', 1432647746, 1432647746, 1, 0, 1, 12, 12, 1, 11),
(12, 'Ефимова ул., д.4', '{"images":[{"original":"uploads\\/noimage.jpg","thumbnail":"uploads\\/th_noimage.jpg","slide":"uploads\\/slide_noimage.jpg"}],"geocode":"[\\"59.9626638\\",\\"30.2957918\\"]"}', 72, '', '', 1432647746, 1432647746, 1, 0, 2, 13, 13, 1, 12),
(13, 'Кузнечный переулок, д.6', '{"images":[{"original":"uploads\\/noimage.jpg","thumbnail":"uploads\\/th_noimage.jpg","slide":"uploads\\/slide_noimage.jpg"}],"geocode":"[\\"59.9626638\\",\\"30.2957918\\"]"}', 0, '', 'проектор, стулья, мешки-кресла, большой зал разделяется ролетами на два', 1432647746, 1432647746, 1, 0, 1, 14, 14, 1, 13),
(14, 'Чайковского ул., д.', '{"images":[{"original":"uploads\\/noimage.jpg","thumbnail":"uploads\\/th_noimage.jpg","slide":"uploads\\/slide_noimage.jpg"}],"geocode":"[\\"59.9626638\\",\\"30.2957918\\"]"}', 0, '', '', 1432647746, 1432647746, 1, 0, 1, 15, 15, 1, 14),
(15, 'пр. Стачек, д.138', '{"images":[{"original":"uploads\\/noimage.jpg","thumbnail":"uploads\\/th_noimage.jpg","slide":"uploads\\/slide_noimage.jpg"}],"geocode":"[\\"59.9626638\\",\\"30.2957918\\"]"}', 45, '', '', 1432647746, 1432647746, 1, 0, 1, 16, 16, 1, 15),
(16, 'Большой Проспект ВО, д.89', '{"images":[{"original":"uploads\\/noimage.jpg","thumbnail":"uploads\\/th_noimage.jpg","slide":"uploads\\/slide_noimage.jpg"}],"geocode":"[\\"59.9626638\\",\\"30.2957918\\"]"}', 0, '', '', 1432647746, 1432647746, 1, 0, 1, 17, 17, 1, 16),
(17, 'Кузнецовская ул., д.22', '{"images":[{"original":"uploads\\/noimage.jpg","thumbnail":"uploads\\/th_noimage.jpg","slide":"uploads\\/slide_noimage.jpg"}],"geocode":"[\\"59.9626638\\",\\"30.2957918\\"]"}', 0, '', '', 1432647746, 1432647746, 1, 0, 1, 18, 18, 1, 17),
(18, 'пр. Юрия Гагарина, д.19', '{"images":[{"original":"uploads\\/noimage.jpg","thumbnail":"uploads\\/th_noimage.jpg","slide":"uploads\\/slide_noimage.jpg"}],"geocode":"[\\"59.9626638\\",\\"30.2957918\\"]"}', 0, '', 'кофемашина, солярий', 1432647746, 1432647746, 1, 0, 1, 19, 19, 1, 18),
(19, 'Казначейская ул., д.2', '{"images":[{"original":"uploads\\/noimage.jpg","thumbnail":"uploads\\/th_noimage.jpg","slide":"uploads\\/slide_noimage.jpg"}],"geocode":"[\\"59.9626638\\",\\"30.2957918\\"]"}', 0, '', '', 1432647746, 1432647746, 1, 0, 2, 20, 20, 1, 19),
(20, 'пр. Обуховской обороны, д.72', '{"images":[{"original":"uploads\\/noimage.jpg","thumbnail":"uploads\\/th_noimage.jpg","slide":"uploads\\/slide_noimage.jpg"}],"geocode":"[\\"59.9626638\\",\\"30.2957918\\"]"}', 0, '', '', 1432647746, 1432647746, 1, 0, 1, 21, 21, 1, 20),
(21, 'Лиговский пр., д.115', '{"images":[{"original":"uploads\\/noimage.jpg","thumbnail":"uploads\\/th_noimage.jpg","slide":"uploads\\/slide_noimage.jpg"}],"geocode":"[\\"59.9626638\\",\\"30.2957918\\"]"}', 0, '', '', 1432647746, 1432647746, 1, 0, 1, 22, 22, 1, 21),
(22, 'Большая Пушкарская ул., д.20', '{"images":[{"original":"uploads\\/noimage.jpg","thumbnail":"uploads\\/th_noimage.jpg","slide":"uploads\\/slide_noimage.jpg"}],"geocode":"[\\"59.9626638\\",\\"30.2957918\\"]"}', 110, '', '', 1432647746, 1432647746, 1, 0, 1, 23, 23, 1, 22),
(23, 'Казанская ул., д.7', '{"images":[{"original":"uploads\\/noimage.jpg","thumbnail":"uploads\\/th_noimage.jpg","slide":"uploads\\/slide_noimage.jpg"}],"geocode":"[\\"59.9626638\\",\\"30.2957918\\"]"}', 80, '', '', 1432647746, 1432647746, 1, 0, 1, 24, 24, 1, 23),
(24, 'Лесной пр., д.59/7', '{"images":[{"original":"uploads\\/noimage.jpg","thumbnail":"uploads\\/th_noimage.jpg","slide":"uploads\\/slide_noimage.jpg"}],"geocode":"[\\"59.9626638\\",\\"30.2957918\\"]"}', 65, '', '', 1432647746, 1432647746, 1, 0, 4, 25, 25, 1, 24),
(25, 'Светлановский пр., д.54В', '{"images":[{"original":"uploads\\/noimage.jpg","thumbnail":"uploads\\/th_noimage.jpg","slide":"uploads\\/slide_noimage.jpg"}],"geocode":"[\\"59.9626638\\",\\"30.2957918\\"]"}', 40, '', '', 1432647746, 1432647746, 1, 0, 2, 26, 26, 1, 25),
(26, 'Светлановский пр., д.54В', '{"images":[{"original":"uploads\\/noimage.jpg","thumbnail":"uploads\\/th_noimage.jpg","slide":"uploads\\/slide_noimage.jpg"}],"geocode":"[\\"59.9626638\\",\\"30.2957918\\"]"}', 70, '', '', 1432647746, 1432647746, 1, 0, 2, 27, 27, 1, 26),
(27, 'пр. Стачек, д.138', '{"images":[{"original":"uploads\\/noimage.jpg","thumbnail":"uploads\\/th_noimage.jpg","slide":"uploads\\/slide_noimage.jpg"}],"geocode":"[\\"59.9626638\\",\\"30.2957918\\"]"}', 45, '', '', 1432647746, 1432647746, 1, 0, 1, 28, 28, 1, 27),
(28, 'ул.Васи Алексеева, д.9, к.1', '{"images":[{"original":"uploads\\/noimage.jpg","thumbnail":"uploads\\/th_noimage.jpg","slide":"uploads\\/slide_noimage.jpg"}],"geocode":"[\\"59.9626638\\",\\"30.2957918\\"]"}', 69, '', '', 1432647746, 1432647746, 1, 0, 2, 29, 29, 1, 28),
(29, 'пр. Стачек, д.111', '{"images":[{"original":"uploads\\/noimage.jpg","thumbnail":"uploads\\/th_noimage.jpg","slide":"uploads\\/slide_noimage.jpg"}],"geocode":"[\\"59.9626638\\",\\"30.2957918\\"]"}', 40, '', '', 1432647746, 1432647746, 1, 0, 1, 30, 30, 1, 29),
(30, 'ул. Кузнецовская, д.22', '{"images":[{"original":"uploads\\/noimage.jpg","thumbnail":"uploads\\/th_noimage.jpg","slide":"uploads\\/slide_noimage.jpg"}],"geocode":"[\\"59.9626638\\",\\"30.2957918\\"]"}', 30, '', '', 1432647746, 1432647746, 1, 0, 1, 31, 31, 1, 30),
(31, 'ул. Кузнецовская, д.22', '{"images":[{"original":"uploads\\/noimage.jpg","thumbnail":"uploads\\/th_noimage.jpg","slide":"uploads\\/slide_noimage.jpg"}],"geocode":"[\\"59.9626638\\",\\"30.2957918\\"]"}', 35, '', '', 1432647746, 1432647746, 1, 0, 1, 32, 32, 1, 31),
(32, 'ул. Кузнецовская, д.22', '{"images":[{"original":"uploads\\/noimage.jpg","thumbnail":"uploads\\/th_noimage.jpg","slide":"uploads\\/slide_noimage.jpg"}],"geocode":"[\\"59.9626638\\",\\"30.2957918\\"]"}', 50, '', '', 1432647746, 1432647746, 1, 0, 1, 33, 33, 1, 32),
(33, 'ул. Иркутская, д.4А', '{"images":[{"original":"uploads\\/noimage.jpg","thumbnail":"uploads\\/th_noimage.jpg","slide":"uploads\\/slide_noimage.jpg"}],"geocode":"[\\"59.9626638\\",\\"30.2957918\\"]"}', 30, '', '', 1432647746, 1432647746, 1, 0, 1, 34, 34, 1, 33),
(34, 'Лиговский пр., д.254', '{"images":[{"original":"uploads\\/noimage.jpg","thumbnail":"uploads\\/th_noimage.jpg","slide":"uploads\\/slide_noimage.jpg"}],"geocode":"[\\"59.9626638\\",\\"30.2957918\\"]"}', 64, '', '', 1432647746, 1432647746, 1, 0, 1, 35, 35, 1, 34),
(35, 'Большая Пушкарская ул., д.8', '{"images":[{"original":"uploads\\/noimage.jpg","thumbnail":"uploads\\/th_noimage.jpg","slide":"uploads\\/slide_noimage.jpg"}],"geocode":"[\\"59.9626638\\",\\"30.2957918\\"]"}', 60, '', '', 1432647746, 1432647746, 1, 0, 4, 36, 36, 1, 35),
(36, 'ул. Мира, д.3', '{"images":[{"original":"uploads\\/noimage.jpg","thumbnail":"uploads\\/th_noimage.jpg","slide":"uploads\\/slide_noimage.jpg"}],"geocode":"[\\"59.9626638\\",\\"30.2957918\\"]"}', 66, '', '"БЦ ""Троицкий"", оф. 328"', 1432647746, 1432647746, 1, 0, 1, 37, 37, 1, 36),
(37, 'ул. Мира, д.3', '{"images":[{"original":"uploads\\/noimage.jpg","thumbnail":"uploads\\/th_noimage.jpg","slide":"uploads\\/slide_noimage.jpg"}],"geocode":"[\\"59.9626638\\",\\"30.2957918\\"]"}', 50, '', '', 1432647746, 1432647746, 1, 0, 1, 38, 38, 1, 37),
(38, 'ул. Мира, д.3', '{"images":[{"original":"uploads\\/noimage.jpg","thumbnail":"uploads\\/th_noimage.jpg","slide":"uploads\\/slide_noimage.jpg"}],"geocode":"[\\"59.9626638\\",\\"30.2957918\\"]"}', 70, '', '', 1432647746, 1432647746, 1, 0, 1, 39, 39, 1, 38),
(39, 'Чкаловский пр., д.15', '{"images":[{"original":"uploads\\/noimage.jpg","thumbnail":"uploads\\/th_noimage.jpg","slide":"uploads\\/slide_noimage.jpg"}],"geocode":"[\\"59.9626638\\",\\"30.2957918\\"]"}', 100, '', '', 1432647746, 1432647746, 1, 0, 1, 40, 40, 1, 39),
(40, 'Чкаловский пр., д.15', '{"images":[{"original":"uploads\\/noimage.jpg","thumbnail":"uploads\\/th_noimage.jpg","slide":"uploads\\/slide_noimage.jpg"}],"geocode":"[\\"59.9626638\\",\\"30.2957918\\"]"}', 150, '', '', 1432647746, 1432647746, 1, 0, 2, 41, 41, 1, 40),
(41, 'Чкаловский пр., д.15', '{"images":[{"original":"uploads\\/noimage.jpg","thumbnail":"uploads\\/th_noimage.jpg","slide":"uploads\\/slide_noimage.jpg"}],"geocode":"[\\"59.9626638\\",\\"30.2957918\\"]"}', 65, '', '', 1432647746, 1432647746, 1, 0, 1, 42, 42, 1, 41),
(42, 'Чкаловский пр., д.15', '{"images":[{"original":"uploads\\/noimage.jpg","thumbnail":"uploads\\/th_noimage.jpg","slide":"uploads\\/slide_noimage.jpg"}],"geocode":"[\\"59.9626638\\",\\"30.2957918\\"]"}', 60, '', '', 1432647746, 1432647746, 1, 0, 2, 43, 43, 1, 42),
(43, 'Чкаловский пр., д.15', '{"images":[{"original":"uploads\\/noimage.jpg","thumbnail":"uploads\\/th_noimage.jpg","slide":"uploads\\/slide_noimage.jpg"}],"geocode":"[\\"59.9626638\\",\\"30.2957918\\"]"}', 60, '', '', 1432647746, 1432647746, 1, 0, 2, 44, 44, 1, 43),
(44, 'Чкаловский пр., д.15', '{"images":[{"original":"uploads\\/noimage.jpg","thumbnail":"uploads\\/th_noimage.jpg","slide":"uploads\\/slide_noimage.jpg"}],"geocode":"[\\"59.9626638\\",\\"30.2957918\\"]"}', 65, '', '', 1432647746, 1432647746, 1, 0, 2, 45, 45, 1, 44),
(45, 'Чкаловский пр., д.15', '{"images":[{"original":"uploads\\/noimage.jpg","thumbnail":"uploads\\/th_noimage.jpg","slide":"uploads\\/slide_noimage.jpg"}],"geocode":"[\\"59.9626638\\",\\"30.2957918\\"]"}', 110, '', '', 1432647746, 1432647746, 1, 0, 2, 46, 46, 1, 45),
(46, 'Чкаловский пр., д.15', '{"images":[{"original":"uploads\\/noimage.jpg","thumbnail":"uploads\\/th_noimage.jpg","slide":"uploads\\/slide_noimage.jpg"}],"geocode":"[\\"59.9626638\\",\\"30.2957918\\"]"}', 100, '', '', 1432647746, 1432647746, 1, 0, 2, 47, 47, 1, 46),
(47, 'Чкаловский пр., д.15', '{"images":[{"original":"uploads\\/noimage.jpg","thumbnail":"uploads\\/th_noimage.jpg","slide":"uploads\\/slide_noimage.jpg"}],"geocode":"[\\"59.9626638\\",\\"30.2957918\\"]"}', 63, '', '', 1432647746, 1432647746, 1, 0, 2, 48, 48, 1, 47),
(48, 'Чкаловский пр., д.15', '{"images":[{"original":"uploads\\/noimage.jpg","thumbnail":"uploads\\/th_noimage.jpg","slide":"uploads\\/slide_noimage.jpg"}],"geocode":"[\\"59.9626638\\",\\"30.2957918\\"]"}', 65, '', '', 1432647746, 1432647746, 1, 0, 2, 49, 49, 1, 48),
(49, 'Чкаловский пр., д.15', '{"images":[{"original":"uploads\\/noimage.jpg","thumbnail":"uploads\\/th_noimage.jpg","slide":"uploads\\/slide_noimage.jpg"}],"geocode":"[\\"59.9626638\\",\\"30.2957918\\"]"}', 65, '', '', 1432647746, 1432647746, 1, 0, 2, 50, 50, 1, 49),
(50, 'Чкаловский пр., д.15', '{"images":[{"original":"uploads\\/noimage.jpg","thumbnail":"uploads\\/th_noimage.jpg","slide":"uploads\\/slide_noimage.jpg"}],"geocode":"[\\"59.9626638\\",\\"30.2957918\\"]"}', 100, '', '', 1432647746, 1432647746, 1, 0, 2, 51, 51, 1, 50),
(51, 'Чкаловский пр., д.15', '{"images":[{"original":"uploads\\/noimage.jpg","thumbnail":"uploads\\/th_noimage.jpg","slide":"uploads\\/slide_noimage.jpg"}],"geocode":"[\\"59.9626638\\",\\"30.2957918\\"]"}', 150, '', '', 1432647746, 1432647746, 1, 0, 2, 52, 52, 1, 51),
(52, 'Дибуновская ул., д.50', '{"images":[{"original":"uploads\\/noimage.jpg","thumbnail":"uploads\\/th_noimage.jpg","slide":"uploads\\/slide_noimage.jpg"}],"geocode":"[\\"59.9626638\\",\\"30.2957918\\"]"}', 90, '', '', 1432647746, 1432647746, 1, 0, 2, 53, 53, 1, 52),
(53, 'Лиговский пр., д.50, к.6', '{"images":[{"original":"uploads\\/noimage.jpg","thumbnail":"uploads\\/th_noimage.jpg","slide":"uploads\\/slide_noimage.jpg"}],"geocode":"[\\"59.9626638\\",\\"30.2957918\\"]"}', 30, '', '', 1432647746, 1432647746, 1, 0, 2, 54, 54, 1, 53),
(54, 'Лиговский пр., д.50, к.6', '{"images":[{"original":"uploads\\/noimage.jpg","thumbnail":"uploads\\/th_noimage.jpg","slide":"uploads\\/slide_noimage.jpg"}],"geocode":"[\\"59.9626638\\",\\"30.2957918\\"]"}', 100, '', '', 1432647746, 1432647746, 1, 0, 2, 55, 55, 1, 54),
(55, 'наб. Обводного канала, д.93а', '{"images":[{"original":"uploads\\/noimage.jpg","thumbnail":"uploads\\/th_noimage.jpg","slide":"uploads\\/slide_noimage.jpg"}],"geocode":"[\\"59.9626638\\",\\"30.2957918\\"]"}', 100, '', '', 1432647746, 1432647746, 1, 0, 1, 56, 56, 1, 55),
(56, 'ул. Рубинштейна, д.6', '{"images":[{"original":"uploads\\/noimage.jpg","thumbnail":"uploads\\/th_noimage.jpg","slide":"uploads\\/slide_noimage.jpg"}],"geocode":"[\\"59.9626638\\",\\"30.2957918\\"]"}', 40, '', '', 1432647746, 1432647746, 1, 0, 1, 57, 57, 1, 56),
(57, 'Невский пр., д.142/2', '{"images":[{"original":"uploads\\/noimage.jpg","thumbnail":"uploads\\/th_noimage.jpg","slide":"uploads\\/slide_noimage.jpg"}],"geocode":"[\\"59.9626638\\",\\"30.2957918\\"]"}', 60, '', '', 1432647746, 1432647746, 1, 0, 4, 58, 58, 1, 57),
(58, 'ул. Марата, д.47 - 49', '{"images":[{"original":"uploads\\/noimage.jpg","thumbnail":"uploads\\/th_noimage.jpg","slide":"uploads\\/slide_noimage.jpg"}],"geocode":"[\\"59.9626638\\",\\"30.2957918\\"]"}', 100, '', 'вход во дворе со Свечного пер., 16', 1432647746, 1432647746, 1, 0, 1, 59, 59, 1, 58),
(59, 'ул. Марата, д.47 - 49', '{"images":[{"original":"uploads\\/noimage.jpg","thumbnail":"uploads\\/th_noimage.jpg","slide":"uploads\\/slide_noimage.jpg"}],"geocode":"[\\"59.9626638\\",\\"30.2957918\\"]"}', 40, '', 'вход во дворе со Свечного пер., 16', 1432647746, 1432647746, 1, 0, 1, 60, 60, 1, 59),
(60, 'ул. Марата, д.47 - 49', '{"images":[{"original":"uploads\\/noimage.jpg","thumbnail":"uploads\\/th_noimage.jpg","slide":"uploads\\/slide_noimage.jpg"}],"geocode":"[\\"59.9626638\\",\\"30.2957918\\"]"}', 60, '', 'вход во дворе со Свечного пер., 16', 1432647746, 1432647746, 1, 0, 1, 61, 61, 1, 60),
(61, 'ул. Звенигородская, д.11', '{"images":[{"original":"uploads\\/noimage.jpg","thumbnail":"uploads\\/th_noimage.jpg","slide":"uploads\\/slide_noimage.jpg"}],"geocode":"[\\"59.9626638\\",\\"30.2957918\\"]"}', 110, '', 'школа Shake City', 1432647746, 1432647746, 1, 0, 1, 62, 62, 1, 61),
(62, 'ул. Чайковского, д.12', '{"images":[{"original":"uploads\\/noimage.jpg","thumbnail":"uploads\\/th_noimage.jpg","slide":"uploads\\/slide_noimage.jpg"}],"geocode":"[\\"59.9626638\\",\\"30.2957918\\"]"}', 0, '', '', 1432647746, 1432647746, 1, 0, 1, 63, 63, 1, 62),
(63, 'Невский пр., д.124', '{"images":[{"original":"uploads\\/noimage.jpg","thumbnail":"uploads\\/th_noimage.jpg","slide":"uploads\\/slide_noimage.jpg"}],"geocode":"[\\"59.9626638\\",\\"30.2957918\\"]"}', 65, '', '', 1432647746, 1432647746, 1, 0, 1, 64, 64, 1, 63),
(64, 'Невский пр., д.124', '{"images":[{"original":"uploads\\/noimage.jpg","thumbnail":"uploads\\/th_noimage.jpg","slide":"uploads\\/slide_noimage.jpg"}],"geocode":"[\\"59.9626638\\",\\"30.2957918\\"]"}', 40, '', '', 1432647746, 1432647746, 1, 0, 1, 65, 65, 1, 64),
(65, 'Суворовский пр., д.39', '{"images":[{"original":"uploads\\/noimage.jpg","thumbnail":"uploads\\/th_noimage.jpg","slide":"uploads\\/slide_noimage.jpg"}],"geocode":"[\\"59.9626638\\",\\"30.2957918\\"]"}', 100, '', '', 1432647746, 1432647746, 1, 0, 2, 66, 66, 1, 65),
(66, 'Суворовский пр., д.39', '{"images":[{"original":"uploads\\/noimage.jpg","thumbnail":"uploads\\/th_noimage.jpg","slide":"uploads\\/slide_noimage.jpg"}],"geocode":"[\\"59.9626638\\",\\"30.2957918\\"]"}', 50, '', '', 1432647746, 1432647746, 1, 0, 2, 67, 67, 1, 66),
(67, 'Суворовский пр., д.39', '{"images":[{"original":"uploads\\/noimage.jpg","thumbnail":"uploads\\/th_noimage.jpg","slide":"uploads\\/slide_noimage.jpg"}],"geocode":"[\\"59.9626638\\",\\"30.2957918\\"]"}', 20, '', '', 1432647746, 1432647746, 1, 0, 2, 68, 68, 1, 67),
(68, 'ул. Звенигородская, д.11', '{"images":[{"original":"uploads\\/noimage.jpg","thumbnail":"uploads\\/th_noimage.jpg","slide":"uploads\\/slide_noimage.jpg"}],"geocode":"[\\"59.9626638\\",\\"30.2957918\\"]"}', 98, '', '', 1432647746, 1432647746, 1, 0, 4, 69, 69, 1, 68),
(69, 'ул. Звенигородская, д.11', '{"images":[{"original":"uploads\\/noimage.jpg","thumbnail":"uploads\\/th_noimage.jpg","slide":"uploads\\/slide_noimage.jpg"}],"geocode":"[\\"59.9626638\\",\\"30.2957918\\"]"}', 45, '', '', 1432647746, 1432647746, 1, 0, 1, 70, 70, 1, 69),
(70, 'ул. Звенигородская, д.11', '{"images":[{"original":"uploads\\/noimage.jpg","thumbnail":"uploads\\/th_noimage.jpg","slide":"uploads\\/slide_noimage.jpg"}],"geocode":"[\\"59.9626638\\",\\"30.2957918\\"]"}', 35, '', '', 1432647746, 1432647746, 1, 0, 1, 71, 71, 1, 70),
(71, 'пр. Энгельса, д.33, к.1', '{"images":[{"original":"uploads\\/noimage.jpg","thumbnail":"uploads\\/th_noimage.jpg","slide":"uploads\\/slide_noimage.jpg"}],"geocode":"[\\"59.9626638\\",\\"30.2957918\\"]"}', 0, '', '', 1432647746, 1432647746, 1, 0, 4, 72, 72, 1, 71),
(72, 'пр. Обуховской Обороны, д.72', '{"images":[{"original":"uploads\\/noimage.jpg","thumbnail":"uploads\\/th_noimage.jpg","slide":"uploads\\/slide_noimage.jpg"}],"geocode":"[\\"59.9626638\\",\\"30.2957918\\"]"}', 151, '', '', 1432647746, 1432647746, 1, 0, 4, 73, 73, 1, 72),
(73, 'пр. Обуховской Обороны, д.72', '{"images":[{"original":"uploads\\/noimage.jpg","thumbnail":"uploads\\/th_noimage.jpg","slide":"uploads\\/slide_noimage.jpg"}],"geocode":"[\\"59.9626638\\",\\"30.2957918\\"]"}', 90, '', '', 1432647746, 1432647746, 1, 0, 1, 74, 74, 1, 73),
(74, 'пр. Обуховской Обороны, д.72', '{"images":[{"original":"uploads\\/noimage.jpg","thumbnail":"uploads\\/th_noimage.jpg","slide":"uploads\\/slide_noimage.jpg"}],"geocode":"[\\"59.9626638\\",\\"30.2957918\\"]"}', 33, '', '', 1432647746, 1432647746, 1, 0, 4, 75, 75, 1, 74),
(75, 'ул. Коллонтай, д.31, к.1', '{"images":[{"original":"uploads\\/noimage.jpg","thumbnail":"uploads\\/th_noimage.jpg","slide":"uploads\\/slide_noimage.jpg"}],"geocode":"[\\"59.9626638\\",\\"30.2957918\\"]"}', 0, '', '', 1432647746, 1432647746, 1, 0, 1, 76, 76, 1, 75),
(76, 'Пулковское ш., д.35', '{"images":[{"original":"uploads\\/noimage.jpg","thumbnail":"uploads\\/th_noimage.jpg","slide":"uploads\\/slide_noimage.jpg"}],"geocode":"[\\"59.9626638\\",\\"30.2957918\\"]"}', 0, '', '', 1432647746, 1432647746, 1, 0, 1, 77, 77, 1, 76),
(77, 'Аптекарская наб., д.20', '{"images":[{"original":"uploads\\/noimage.jpg","thumbnail":"uploads\\/th_noimage.jpg","slide":"uploads\\/slide_noimage.jpg"}],"geocode":"[\\"59.9626638\\",\\"30.2957918\\"]"}', 0, '', '', 1432647746, 1432647746, 1, 0, 4, 78, 78, 1, 77),
(78, 'Аптекарская наб., д.20', '{"images":[{"original":"uploads\\/noimage.jpg","thumbnail":"uploads\\/th_noimage.jpg","slide":"uploads\\/slide_noimage.jpg"}],"geocode":"[\\"59.9626638\\",\\"30.2957918\\"]"}', 0, '', '', 1432647746, 1432647746, 1, 0, 4, 79, 79, 1, 78),
(79, 'пр. Коломяжский, д.17', '{"images":[{"original":"uploads\\/noimage.jpg","thumbnail":"uploads\\/th_noimage.jpg","slide":"uploads\\/slide_noimage.jpg"}],"geocode":"[\\"59.9626638\\",\\"30.2957918\\"]"}', 0, '', '', 1432647746, 1432647746, 1, 0, 4, 80, 80, 1, 79),
(80, 'ул. Я. Гашека, д.17А', '{"images":[{"original":"uploads\\/noimage.jpg","thumbnail":"uploads\\/th_noimage.jpg","slide":"uploads\\/slide_noimage.jpg"}],"geocode":"[\\"59.9626638\\",\\"30.2957918\\"]"}', 0, '', '', 1432647746, 1432647746, 1, 0, 4, 81, 81, 1, 80),
(81, 'пр. Стачек, д.170', '{"images":[{"original":"uploads\\/noimage.jpg","thumbnail":"uploads\\/th_noimage.jpg","slide":"uploads\\/slide_noimage.jpg"}],"geocode":"[\\"59.9626638\\",\\"30.2957918\\"]"}', 60, '', '', 1432647746, 1432647746, 1, 0, 1, 82, 82, 1, 81),
(82, 'ул. Цветочная, д.19', '{"images":[{"original":"uploads\\/noimage.jpg","thumbnail":"uploads\\/th_noimage.jpg","slide":"uploads\\/slide_noimage.jpg"}],"geocode":"[\\"59.9626638\\",\\"30.2957918\\"]"}', 0, '', '', 1432647746, 1432647746, 1, 0, 2, 83, 83, 1, 82),
(83, 'ул. Стародеревенская, д.34б', '{"images":[{"original":"uploads\\/noimage.jpg","thumbnail":"uploads\\/th_noimage.jpg","slide":"uploads\\/slide_noimage.jpg"}],"geocode":"[\\"59.9626638\\",\\"30.2957918\\"]"}', 40, '', '', 1432647746, 1432647746, 1, 0, 2, 84, 84, 1, 83),
(84, 'ул. Стародеревенская, д.34б', '{"images":[{"original":"uploads\\/noimage.jpg","thumbnail":"uploads\\/th_noimage.jpg","slide":"uploads\\/slide_noimage.jpg"}],"geocode":"[\\"59.9626638\\",\\"30.2957918\\"]"}', 40, '', '', 1432647746, 1432647746, 1, 0, 2, 85, 85, 1, 84),
(85, 'ул. Гаванская, д.34', '{"images":[{"original":"uploads\\/noimage.jpg","thumbnail":"uploads\\/th_noimage.jpg","slide":"uploads\\/slide_noimage.jpg"}],"geocode":"[\\"59.9626638\\",\\"30.2957918\\"]"}', 35, '', '', 1432647746, 1432647746, 1, 0, 1, 86, 86, 1, 85),
(86, 'пр. Обуховской обороны, д.119б', '{"images":[{"original":"uploads\\/noimage.jpg","thumbnail":"uploads\\/th_noimage.jpg","slide":"uploads\\/slide_noimage.jpg"}],"geocode":"[\\"59.9626638\\",\\"30.2957918\\"]"}', 130, '', '', 1432647746, 1432647746, 1, 0, 1, 87, 87, 1, 86),
(87, 'пр. Обуховской обороны, д.72', '{"images":[{"original":"uploads\\/noimage.jpg","thumbnail":"uploads\\/th_noimage.jpg","slide":"uploads\\/slide_noimage.jpg"}],"geocode":"[\\"59.9626638\\",\\"30.2957918\\"]"}', 151, '', '', 1432647746, 1432647746, 1, 0, 1, 88, 88, 1, 87),
(88, 'пр. Обуховской обороны, д.72', '{"images":[{"original":"uploads\\/noimage.jpg","thumbnail":"uploads\\/th_noimage.jpg","slide":"uploads\\/slide_noimage.jpg"}],"geocode":"[\\"59.9626638\\",\\"30.2957918\\"]"}', 90, '', '', 1432647746, 1432647746, 1, 0, 1, 89, 89, 1, 88),
(89, 'пр. Обуховской обороны, д.72', '{"images":[{"original":"uploads\\/noimage.jpg","thumbnail":"uploads\\/th_noimage.jpg","slide":"uploads\\/slide_noimage.jpg"}],"geocode":"[\\"59.9626638\\",\\"30.2957918\\"]"}', 34, '', '', 1432647746, 1432647746, 1, 0, 1, 90, 90, 1, 89),
(90, 'Чкаловский пр., д.', '{"images":[{"original":"uploads\\/noimage.jpg","thumbnail":"uploads\\/th_noimage.jpg","slide":"uploads\\/slide_noimage.jpg"}],"geocode":"[\\"59.9626638\\",\\"30.2957918\\"]"}', 0, '', '', 1432647746, 1432647746, 1, 0, 1, 91, 91, 1, 90),
(91, 'Искровский пр., д.12', '{"images":[{"original":"uploads\\/noimage.jpg","thumbnail":"uploads\\/th_noimage.jpg","slide":"uploads\\/slide_noimage.jpg"}],"geocode":"[\\"59.9626638\\",\\"30.2957918\\"]"}', 50, '', '', 1432647746, 1432647746, 1, 0, 1, 92, 92, 1, 91),
(92, 'ул. Малая Морская, д.20', '{"images":[{"original":"uploads\\/noimage.jpg","thumbnail":"uploads\\/th_noimage.jpg","slide":"uploads\\/slide_noimage.jpg"}],"geocode":"[\\"59.9626638\\",\\"30.2957918\\"]"}', 75, '', '', 1432647746, 1432647746, 1, 0, 2, 93, 93, 1, 92),
(93, 'ул. Малая Морская, д.20', '{"images":[{"original":"uploads\\/noimage.jpg","thumbnail":"uploads\\/th_noimage.jpg","slide":"uploads\\/slide_noimage.jpg"}],"geocode":"[\\"59.9626638\\",\\"30.2957918\\"]"}', 70, '', '', 1432647746, 1432647746, 1, 0, 2, 94, 94, 1, 93),
(94, 'ул. Малая Морская, д.20', '{"images":[{"original":"uploads\\/noimage.jpg","thumbnail":"uploads\\/th_noimage.jpg","slide":"uploads\\/slide_noimage.jpg"}],"geocode":"[\\"59.9626638\\",\\"30.2957918\\"]"}', 0, '', '', 1432647746, 1432647746, 1, 0, 2, 95, 95, 1, 94),
(95, 'Клинский пр., д.25', '{"images":[{"original":"uploads\\/noimage.jpg","thumbnail":"uploads\\/th_noimage.jpg","slide":"uploads\\/slide_noimage.jpg"}],"geocode":"[\\"59.9626638\\",\\"30.2957918\\"]"}', 70, '', '', 1432647746, 1432647746, 1, 0, 2, 96, 96, 1, 95),
(96, 'Клинский пр., д.25', '{"images":[{"original":"uploads\\/noimage.jpg","thumbnail":"uploads\\/th_noimage.jpg","slide":"uploads\\/slide_noimage.jpg"}],"geocode":"[\\"59.9626638\\",\\"30.2957918\\"]"}', 70, '', '', 1432647746, 1432647746, 1, 0, 2, 97, 97, 1, 96),
(97, 'Загородный пр., д.35', '{"images":[{"original":"uploads\\/noimage.jpg","thumbnail":"uploads\\/th_noimage.jpg","slide":"uploads\\/slide_noimage.jpg"}],"geocode":"[\\"59.9626638\\",\\"30.2957918\\"]"}', 100, '', '', 1432647746, 1432647746, 1, 0, 4, 98, 98, 1, 97),
(98, '8-я линия В.О., д.33', '{"images":[{"original":"uploads\\/noimage.jpg","thumbnail":"uploads\\/th_noimage.jpg","slide":"uploads\\/slide_noimage.jpg"}],"geocode":"[\\"59.9626638\\",\\"30.2957918\\"]"}', 100, '', '', 1432647746, 1432647746, 1, 0, 1, 99, 99, 1, 98),
(99, '8-я линия В.О., д.33', '{"images":[{"original":"uploads\\/noimage.jpg","thumbnail":"uploads\\/th_noimage.jpg","slide":"uploads\\/slide_noimage.jpg"}],"geocode":"[\\"59.9626638\\",\\"30.2957918\\"]"}', 50, '', '', 1432647746, 1432647746, 1, 0, 1, 100, 100, 1, 99),
(100, '8-я линия В.О., д.33', '{"images":[{"original":"uploads\\/noimage.jpg","thumbnail":"uploads\\/th_noimage.jpg","slide":"uploads\\/slide_noimage.jpg"}],"geocode":"[\\"59.9626638\\",\\"30.2957918\\"]"}', 30, '', '', 1432647746, 1432647746, 1, 0, 1, 101, 101, 1, 100),
(101, 'Октябрьская наб., д.149', '{"images":[{"original":"uploads\\/noimage.jpg","thumbnail":"uploads\\/th_noimage.jpg","slide":"uploads\\/slide_noimage.jpg"}],"geocode":"[\\"59.9626638\\",\\"30.2957918\\"]"}', 40, '', '', 1432647746, 1432647746, 1, 0, 1, 102, 102, 1, 101),
(102, '8-я Красноармейская ул., д.5', '{"images":[{"original":"uploads\\/noimage.jpg","thumbnail":"uploads\\/th_noimage.jpg","slide":"uploads\\/slide_noimage.jpg"}],"geocode":"[\\"59.9626638\\",\\"30.2957918\\"]"}', 55, '', '', 1432647746, 1432647746, 1, 0, 2, 103, 103, 1, 102),
(103, '7-я Советская ул., д.16', '{"images":[{"original":"uploads\\/noimage.jpg","thumbnail":"uploads\\/th_noimage.jpg","slide":"uploads\\/slide_noimage.jpg"}],"geocode":"[\\"59.9626638\\",\\"30.2957918\\"]"}', 90, '', '', 1432647746, 1432647746, 1, 0, 1, 104, 104, 1, 103),
(104, '7-я Советская ул., д.16', '{"images":[{"original":"uploads\\/noimage.jpg","thumbnail":"uploads\\/th_noimage.jpg","slide":"uploads\\/slide_noimage.jpg"}],"geocode":"[\\"59.9626638\\",\\"30.2957918\\"]"}', 0, '', '', 1432647746, 1432647746, 1, 0, 1, 105, 105, 1, 104),
(105, '7-я Советская ул., д.16', '{"images":[{"original":"uploads\\/noimage.jpg","thumbnail":"uploads\\/th_noimage.jpg","slide":"uploads\\/slide_noimage.jpg"}],"geocode":"[\\"59.9626638\\",\\"30.2957918\\"]"}', 45, '', '', 1432647746, 1432647746, 1, 0, 2, 106, 106, 1, 105),
(106, '7-я Советская ул., д.16', '{"images":[{"original":"uploads\\/noimage.jpg","thumbnail":"uploads\\/th_noimage.jpg","slide":"uploads\\/slide_noimage.jpg"}],"geocode":"[\\"59.9626638\\",\\"30.2957918\\"]"}', 65, '', '', 1432647746, 1432647746, 1, 0, 1, 107, 107, 1, 106),
(107, '12-я Красноармейская ул., д.19', '{"images":[{"original":"uploads\\/noimage.jpg","thumbnail":"uploads\\/th_noimage.jpg","slide":"uploads\\/slide_noimage.jpg"}],"geocode":"[\\"59.9626638\\",\\"30.2957918\\"]"}', 0, '', '', 1432647746, 1432647746, 1, 0, 1, 108, 108, 1, 107),
(108, '12-я Красноармейская ул., д.19', '{"images":[{"original":"uploads\\/noimage.jpg","thumbnail":"uploads\\/th_noimage.jpg","slide":"uploads\\/slide_noimage.jpg"}],"geocode":"[\\"59.9626638\\",\\"30.2957918\\"]"}', 0, '', '', 1432647746, 1432647746, 1, 0, 1, 109, 109, 1, 108),
(109, '10-я Красноармейская ул., д.15', '{"images":[{"original":"uploads\\/noimage.jpg","thumbnail":"uploads\\/th_noimage.jpg","slide":"uploads\\/slide_noimage.jpg"}],"geocode":"[\\"59.9626638\\",\\"30.2957918\\"]"}', 0, '', '', 1432647746, 1432647746, 1, 0, 1, 110, 110, 1, 109),
(110, '10-я Красноармейская ул., д.15', '{"images":[{"original":"uploads\\/noimage.jpg","thumbnail":"uploads\\/th_noimage.jpg","slide":"uploads\\/slide_noimage.jpg"}],"geocode":"[\\"59.9626638\\",\\"30.2957918\\"]"}', 0, '', '', 1432647746, 1432647746, 1, 0, 1, 111, 111, 1, 110),
(111, 'Подъездной пер., д.10', '{"images":[{"original":"uploads\\/noimage.jpg","thumbnail":"uploads\\/th_noimage.jpg","slide":"uploads\\/slide_noimage.jpg"}],"geocode":"[\\"59.9626638\\",\\"30.2957918\\"]"}', 60, '', '', 1432647746, 1432647746, 1, 0, 2, 112, 112, 1, 111),
(112, 'Подъездной пер., д.10', '{"images":[{"original":"uploads\\/noimage.jpg","thumbnail":"uploads\\/th_noimage.jpg","slide":"uploads\\/slide_noimage.jpg"}],"geocode":"[\\"59.9626638\\",\\"30.2957918\\"]"}', 15, '', '', 1432647746, 1432647746, 1, 0, 2, 113, 113, 1, 112),
(113, 'наб. Обводного канала, д.136', '{"images":[{"original":"uploads\\/noimage.jpg","thumbnail":"uploads\\/th_noimage.jpg","slide":"uploads\\/slide_noimage.jpg"}],"geocode":"[\\"59.9626638\\",\\"30.2957918\\"]"}', 0, '', '"БЦ ""Красный Треугольник"", комн. 350, 346"', 1432647746, 1432647746, 1, 0, 1, 114, 114, 1, 113),
(114, 'Клинский пр., д.25', '{"images":[{"original":"uploads\\/noimage.jpg","thumbnail":"uploads\\/th_noimage.jpg","slide":"uploads\\/slide_noimage.jpg"}],"geocode":"[\\"59.9626638\\",\\"30.2957918\\"]"}', 0, '', '', 1432647746, 1432647746, 1, 0, 1, 115, 115, 1, 114),
(115, 'Звенигородская ул., д.11', '{"images":[{"original":"uploads\\/noimage.jpg","thumbnail":"uploads\\/th_noimage.jpg","slide":"uploads\\/slide_noimage.jpg"}],"geocode":"[\\"59.9626638\\",\\"30.2957918\\"]"}', 100, '', '', 1432647746, 1432647746, 1, 0, 1, 116, 116, 1, 115),
(116, 'Звенигородская ул., д.11', '{"images":[{"original":"uploads\\/noimage.jpg","thumbnail":"uploads\\/th_noimage.jpg","slide":"uploads\\/slide_noimage.jpg"}],"geocode":"[\\"59.9626638\\",\\"30.2957918\\"]"}', 50, '', '', 1432647746, 1432647746, 1, 0, 1, 117, 117, 1, 116),
(117, 'Выборгское ш., д.34', '{"images":[{"original":"uploads\\/noimage.jpg","thumbnail":"uploads\\/th_noimage.jpg","slide":"uploads\\/slide_noimage.jpg"}],"geocode":"[\\"59.9626638\\",\\"30.2957918\\"]"}', 0, '', '', 1432647746, 1432647746, 1, 0, 2, 118, 118, 1, 117);

-- --------------------------------------------------------

--
-- Структура таблицы `hall_has_options`
--

CREATE TABLE IF NOT EXISTS `hall_has_options` (
  `hall_id` int(11) NOT NULL,
  `options_id` int(11) NOT NULL
) ENGINE=InnoDB DEFAULT CHARSET=utf8;

--
-- Дамп данных таблицы `hall_has_options`
--

INSERT INTO `hall_has_options` (`hall_id`, `options_id`) VALUES
(1, 1),
(6, 1),
(7, 1),
(8, 1),
(9, 1),
(10, 1),
(13, 1),
(15, 1),
(17, 1),
(23, 1),
(25, 1),
(26, 1),
(27, 1),
(30, 1),
(31, 1),
(32, 1),
(33, 1),
(52, 1),
(53, 1),
(54, 1),
(57, 1),
(63, 1),
(64, 1),
(65, 1),
(66, 1),
(67, 1),
(68, 1),
(69, 1),
(70, 1),
(71, 1),
(75, 1),
(76, 1),
(77, 1),
(78, 1),
(79, 1),
(80, 1),
(86, 1),
(87, 1),
(88, 1),
(89, 1),
(92, 1),
(93, 1),
(94, 1),
(95, 1),
(96, 1),
(102, 1),
(103, 1),
(104, 1),
(105, 1),
(106, 1),
(107, 1),
(108, 1),
(111, 1),
(112, 1),
(1, 3),
(4, 3),
(6, 3),
(7, 3),
(8, 3),
(9, 3),
(10, 3),
(11, 3),
(13, 3),
(15, 3),
(17, 3),
(18, 3),
(19, 3),
(21, 3),
(23, 3),
(25, 3),
(26, 3),
(27, 3),
(29, 3),
(30, 3),
(31, 3),
(32, 3),
(33, 3),
(34, 3),
(35, 3),
(36, 3),
(39, 3),
(40, 3),
(42, 3),
(43, 3),
(44, 3),
(45, 3),
(46, 3),
(47, 3),
(48, 3),
(49, 3),
(50, 3),
(51, 3),
(52, 3),
(53, 3),
(54, 3),
(57, 3),
(58, 3),
(59, 3),
(60, 3),
(61, 3),
(63, 3),
(64, 3),
(65, 3),
(66, 3),
(67, 3),
(68, 3),
(69, 3),
(70, 3),
(71, 3),
(72, 3),
(73, 3),
(74, 3),
(75, 3),
(76, 3),
(77, 3),
(78, 3),
(79, 3),
(80, 3),
(81, 3),
(82, 3),
(86, 3),
(87, 3),
(88, 3),
(89, 3),
(91, 3),
(92, 3),
(93, 3),
(94, 3),
(95, 3),
(96, 3),
(97, 3),
(98, 3),
(99, 3),
(100, 3),
(101, 3),
(102, 3),
(103, 3),
(104, 3),
(105, 3),
(106, 3),
(107, 3),
(108, 3),
(111, 3),
(112, 3),
(115, 3),
(116, 3),
(117, 3),
(10, 4),
(21, 4),
(22, 4),
(52, 4),
(53, 4),
(54, 4),
(58, 4),
(59, 4),
(60, 4),
(63, 4),
(64, 4),
(65, 4),
(66, 4),
(67, 4),
(71, 4),
(75, 4),
(76, 4),
(79, 4),
(80, 4),
(86, 4),
(87, 4),
(88, 4),
(89, 4),
(98, 4),
(99, 4),
(100, 4),
(101, 4),
(111, 4),
(112, 4),
(17, 5),
(18, 5),
(30, 5),
(31, 5),
(32, 5),
(53, 5),
(54, 5),
(58, 5),
(59, 5),
(60, 5),
(107, 5),
(108, 5),
(111, 5),
(112, 5),
(1, 6),
(7, 6),
(15, 6),
(17, 6),
(27, 6),
(52, 6),
(57, 6),
(64, 6),
(72, 6),
(73, 6),
(74, 6),
(81, 6),
(82, 6),
(87, 6),
(88, 6),
(89, 6),
(98, 6),
(99, 6),
(100, 6),
(106, 6),
(115, 6),
(116, 6),
(29, 7),
(56, 7),
(67, 7),
(84, 7),
(94, 7),
(104, 7),
(109, 7),
(1, 8),
(6, 8),
(40, 8),
(77, 8),
(78, 8),
(107, 8),
(108, 8),
(111, 8),
(112, 8),
(1, 9),
(4, 9),
(6, 9),
(7, 9),
(8, 9),
(9, 9),
(10, 9),
(13, 9),
(15, 9),
(17, 9),
(19, 9),
(27, 9),
(30, 9),
(31, 9),
(32, 9),
(34, 9),
(35, 9),
(39, 9),
(52, 9),
(53, 9),
(54, 9),
(57, 9),
(58, 9),
(59, 9),
(60, 9),
(68, 9),
(69, 9),
(70, 9),
(71, 9),
(72, 9),
(73, 9),
(74, 9),
(75, 9),
(76, 9),
(79, 9),
(80, 9),
(81, 9),
(82, 9),
(86, 9),
(87, 9),
(88, 9),
(89, 9),
(95, 9),
(96, 9),
(97, 9),
(107, 9),
(108, 9),
(110, 9),
(111, 9),
(112, 9),
(115, 9),
(116, 9);

-- --------------------------------------------------------

--
-- Структура таблицы `metro`
--

CREATE TABLE IF NOT EXISTS `metro` (
  `id` int(11) NOT NULL,
  `name` varchar(255) DEFAULT NULL,
  `attribs` mediumtext,
  `district_id` int(11) NOT NULL,
  `district_town_id` int(11) NOT NULL
) ENGINE=InnoDB AUTO_INCREMENT=67 DEFAULT CHARSET=utf8;

--
-- Дамп данных таблицы `metro`
--

INSERT INTO `metro` (`id`, `name`, `attribs`, `district_id`, `district_town_id`) VALUES
(1, 'Автово', '{"options":{"class":"i-metro_red"}}', 6, 1),
(2, 'Адмиралтейская', '{"options":{"class":"i-metro_purple"}}', 1, 1),
(3, 'Академическая', '{"options":{"class":"i-metro_red"}}', 5, 1),
(4, 'Балтийская', '{"options":{"class":"i-metro_red"}}', 1, 1),
(5, 'Бухарестская', '{"options":{"class":"i-metro_purple"}}', 18, 1),
(6, 'Василеостровская', '{"options":{"class":"i-metro_green"}}', 2, 1),
(7, 'Владимирская', '{"options":{"class":"i-metro_red"}}', 19, 1),
(8, 'Волковская', '{"options":{"class":"i-metro_purple"}}', 18, 1),
(9, 'Выборгская', '{"options":{"class":"i-metro_red"}}', 4, 1),
(10, 'Горьковская', '{"options":{"class":"i-metro_blue"}}', 14, 1),
(11, 'Гостиный двор', '{"options":{"class":"i-metro_green"}}', 19, 1),
(12, 'Гражданский Проспект', '{"options":{"class":"i-metro_red"}}', 5, 1),
(13, 'Девяткино', '{"options":{"class":"i-metro_red"}}', 3, 1),
(14, 'Достоевская', '{"options":{"class":"i-metro_orange"}}', 19, 1),
(15, 'Елизаровская', '{"options":{"class":"i-metro_green"}}', 13, 1),
(16, 'Звёздная', '{"options":{"class":"i-metro_blue"}}', 12, 1),
(17, 'Звенигородская', '{"options":{"class":"i-metro_purple"}}', 1, 1),
(18, 'Кировский Завод', '{"options":{"class":"i-metro_red"}}', 6, 1),
(19, 'Комендантский Проспект', '{"options":{"class":"i-metro_purple"}}', 16, 1),
(20, 'Крестовский Остров', '{"options":{"class":"i-metro_purple"}}', 14, 1),
(21, 'Купчино', '{"options":{"class":"i-metro_blue"}}', 18, 1),
(22, 'Ладожская', '{"options":{"class":"i-metro_orange"}}', 8, 1),
(23, 'Ленинский Проспект', '{"options":{"class":"i-metro_red"}}', 6, 1),
(24, 'Лесная', '{"options":{"class":"i-metro_red"}}', 4, 1),
(25, 'Лиговский Проспект', '{"options":{"class":"i-metro_orange"}}', 19, 1),
(26, 'Ломоносовская', '{"options":{"class":"i-metro_green"}}', 13, 1),
(27, 'Маяковская', '{"options":{"class":"i-metro_green"}}', 19, 1),
(28, 'Международная', '{"options":{"class":"i-metro_purple"}}', 18, 1),
(29, 'Московская', '{"options":{"class":"i-metro_blue"}}', 12, 1),
(30, 'Московские Ворота', '{"options":{"class":"i-metro_blue"}}', 12, 1),
(31, 'Нарвская', '{"options":{"class":"i-metro_red"}}', 6, 1),
(32, 'Невский Проспект', '{"options":{"class":"i-metro_blue"}}', 19, 1),
(33, 'Новочеркасская', '{"options":{"class":"i-metro_orange"}}', 8, 1),
(34, 'Обводный Канал', '{"options":{"class":"i-metro_purple"}}', 18, 1),
(35, 'Обухово', '{"options":{"class":"i-metro_green"}}', 13, 1),
(36, 'Озерки', '{"options":{"class":"i-metro_blue"}}', 4, 1),
(37, 'Парк Победы', '{"options":{"class":"i-metro_blue"}}', 12, 1),
(38, 'Парнас', '{"options":{"class":"i-metro_blue"}}', 4, 1),
(39, 'Петроградская', '{"options":{"class":"i-metro_blue"}}', 14, 1),
(40, 'Пионерская', '{"options":{"class":"i-metro_blue"}}', 16, 1),
(41, 'Площадь Александра Невского 1', '{"options":{"class":"i-metro_green"}}', 19, 1),
(42, 'Площадь Александра Невского 2', '{"options":{"class":"i-metro_orange"}}', 19, 1),
(43, 'Площадь Восстания', '{"options":{"class":"i-metro_red"}}', 19, 1),
(44, 'Площадь Ленина', '{"options":{"class":"i-metro_red"}}', 5, 1),
(45, 'Площадь Мужества', '{"options":{"class":"i-metro_red"}}', 5, 1),
(46, 'Политехническая', '{"options":{"class":"i-metro_red"}}', 5, 1),
(47, 'Приморская', '{"options":{"class":"i-metro_green"}}', 2, 1),
(48, 'Пролетарская', '{"options":{"class":"i-metro_green"}}', 13, 1),
(49, 'Проспект Большевиков', '{"options":{"class":"i-metro_orange"}}', 13, 1),
(50, 'Проспект Ветеранов', '{"options":{"class":"i-metro_red"}}', 6, 1),
(51, 'Проспект Просвещения', '{"options":{"class":"i-metro_blue"}}', 4, 1),
(52, 'Пушкинская', '{"options":{"class":"i-metro_red"}}', 1, 1),
(53, 'Рыбацкое', '{"options":{"class":"i-metro_green"}}', 13, 1),
(54, 'Садовая', '{"options":{"class":"i-metro_purple"}}', 1, 1),
(55, 'Сенная Площадь', '{"options":{"class":"i-metro_blue"}}', 1, 1),
(56, 'Спасская', '{"options":{"class":"i-metro_orange"}}', 1, 1),
(57, 'Спортивная', '{"options":{"class":"i-metro_purple"}}', 14, 1),
(58, 'Старая Деревня', '{"options":{"class":"i-metro_purple"}}', 16, 1),
(59, 'Технологический Институт', '{"options":{"class":"i-metro_red"}}', 1, 1),
(60, 'Удельная', '{"options":{"class":"i-metro_blue"}}', 4, 1),
(61, 'Улица Дыбенко', '{"options":{"class":"i-metro_orange"}}', 13, 1),
(62, 'Фрунзенская', '{"options":{"class":"i-metro_blue"}}', 12, 1),
(63, 'Чёрная Речка', '{"options":{"class":"i-metro_blue"}}', 16, 1),
(64, 'Чернышевская', '{"options":{"class":"i-metro_red"}}', 19, 1),
(65, 'Чкаловская', '{"options":{"class":"i-metro_purple"}}', 14, 1),
(66, 'Электросила', '{"options":{"class":"i-metro_blue"}}', 12, 1);

-- --------------------------------------------------------

--
-- Структура таблицы `options`
--

CREATE TABLE IF NOT EXISTS `options` (
  `id` int(11) NOT NULL,
  `name` varchar(255) DEFAULT NULL
) ENGINE=InnoDB AUTO_INCREMENT=10 DEFAULT CHARSET=utf8;

--
-- Дамп данных таблицы `options`
--

INSERT INTO `options` (`id`, `name`) VALUES
(1, 'Кулер с водой'),
(2, 'Зеркальная стена'),
(3, 'Раздевалка'),
(4, 'Душ'),
(5, 'Wi-fi'),
(6, 'Станок'),
(7, 'Пилон'),
(8, 'Интерьер для съемки'),
(9, 'Коврики');

-- --------------------------------------------------------

--
-- Структура таблицы `price`
--

CREATE TABLE IF NOT EXISTS `price` (
  `id` int(11) NOT NULL,
  `min` int(11) DEFAULT NULL,
  `max` int(11) DEFAULT NULL
) ENGINE=InnoDB AUTO_INCREMENT=119 DEFAULT CHARSET=utf8;

--
-- Дамп данных таблицы `price`
--

INSERT INTO `price` (`id`, `min`, `max`) VALUES
(2, 300, 1200),
(3, 250, 250),
(4, 400, 600),
(5, 700, 700),
(6, 250, 250),
(7, 500, 1000),
(8, 500, 700),
(9, 350, 350),
(10, 350, 350),
(11, 400, 400),
(12, 500, 500),
(13, 400, 600),
(14, 700, 700),
(15, 300, 300),
(16, 500, 500),
(17, 250, 250),
(18, 250, 450),
(19, 500, 500),
(20, 500, 850),
(21, 300, 900),
(22, 200, 200),
(23, 850, 1200),
(24, 500, 500),
(25, 500, 600),
(26, 350, 350),
(27, 500, 500),
(28, 500, 500),
(29, 300, 300),
(30, 300, 300),
(31, 250, 250),
(32, 350, 350),
(33, 500, 500),
(34, 300, 300),
(35, 500, 500),
(36, 500, 500),
(37, 700, 700),
(38, 400, 600),
(39, 400, 700),
(40, 400, 400),
(41, 700, 700),
(42, 500, 500),
(43, 550, 550),
(44, 550, 550),
(45, 550, 550),
(46, 550, 550),
(47, 550, 550),
(48, 550, 550),
(49, 550, 550),
(50, 550, 550),
(51, 550, 550),
(52, 550, 550),
(53, 400, 400),
(54, 500, 600),
(55, 800, 1000),
(56, 500, 500),
(57, 350, 350),
(58, 600, 600),
(59, 800, 1200),
(60, 500, 600),
(61, 600, 700),
(62, 300, 300),
(63, 300, 300),
(64, 500, 500),
(65, 500, 500),
(66, 300, 300),
(67, 300, 300),
(68, 300, 300),
(69, 300, 800),
(70, 300, 800),
(71, 300, 800),
(72, 800, 800),
(73, 900, 900),
(74, 600, 600),
(75, 300, 300),
(76, 800, 800),
(77, 800, 800),
(78, 0, 0),
(79, 0, 0),
(80, 800, 800),
(81, 800, 800),
(82, 400, 650),
(83, 700, 700),
(84, 300, 400),
(85, 300, 400),
(86, 350, 350),
(87, 200, 400),
(88, 900, 900),
(89, 600, 600),
(90, 300, 300),
(91, 0, 0),
(92, 250, 250),
(93, 450, 800),
(94, 450, 800),
(95, 450, 800),
(96, 400, 700),
(97, 400, 700),
(98, 500, 500),
(99, 250, 250),
(100, 250, 250),
(101, 250, 250),
(102, 250, 250),
(103, 400, 700),
(104, 500, 800),
(105, 500, 700),
(106, 300, 600),
(107, 400, 700),
(108, 300, 350),
(109, 300, 350),
(110, 500, 500),
(111, 400, 400),
(112, 600, 600),
(113, 600, 600),
(114, 350, 500),
(115, 1000, 1000),
(116, 500, 1000),
(117, 350, 650),
(118, 450, 450);

-- --------------------------------------------------------

--
-- Структура таблицы `profile`
--

CREATE TABLE IF NOT EXISTS `profile` (
  `id` int(11) NOT NULL,
  `name` varchar(255) DEFAULT NULL,
  `email` varchar(45) DEFAULT NULL,
  `phone` varchar(45) DEFAULT NULL,
  `images` mediumtext,
  `user_id` int(11) NOT NULL,
  `attribs` mediumtext
) ENGINE=InnoDB AUTO_INCREMENT=2 DEFAULT CHARSET=utf8;

--
-- Дамп данных таблицы `profile`
--

INSERT INTO `profile` (`id`, `name`, `email`, `phone`, `images`, `user_id`, `attribs`) VALUES
(1, 'Разработчик', 'support@example.com', '3330000', 'uploads/profile/icon_5zn46s9cWbzOouzOzYNH_tpAa_QwpShw.jpg', 2, NULL);

-- --------------------------------------------------------

--
-- Структура таблицы `town`
--

CREATE TABLE IF NOT EXISTS `town` (
  `id` int(11) NOT NULL,
  `name` varchar(255) DEFAULT NULL,
  `subdomain` varchar(255) DEFAULT NULL
) ENGINE=InnoDB AUTO_INCREMENT=2 DEFAULT CHARSET=utf8;

--
-- Дамп данных таблицы `town`
--

INSERT INTO `town` (`id`, `name`, `subdomain`) VALUES
(1, 'Санкт-Петербург', 'spb');

-- --------------------------------------------------------

--
-- Структура таблицы `user`
--

CREATE TABLE IF NOT EXISTS `user` (
  `id` int(11) NOT NULL,
  `created_at` int(11) DEFAULT NULL,
  `updated_at` int(11) DEFAULT NULL,
  `username` varchar(255) DEFAULT NULL,
  `auth_key` varchar(255) DEFAULT NULL,
  `email_confirm_token` varchar(255) DEFAULT NULL,
  `password_hash` varchar(255) DEFAULT NULL,
  `password_reset_token` varchar(255) DEFAULT NULL,
  `email` varchar(255) DEFAULT NULL,
  `status` int(11) DEFAULT NULL
) ENGINE=InnoDB AUTO_INCREMENT=3 DEFAULT CHARSET=utf8;

--
-- Дамп данных таблицы `user`
--

INSERT INTO `user` (`id`, `created_at`, `updated_at`, `username`, `auth_key`, `email_confirm_token`, `password_hash`, `password_reset_token`, `email`, `status`) VALUES
(1, 1431083612, 1431083612, 'guest', '9J7BVOWfh9NaQbepmTnf2trfSqr_rXdp', 'mKaLQTyOR4BgB2vVINkO49esuRb5CUiu', '$2y$13$RIDZO5scZiLBsq75/gx3/OwIbLH4XilQYxK.3A0zeI6jLAeWLiZaW', NULL, 'guest@example.com', 1),
(2, 1432647850, 1432647850, 'admin', 'YOrNM0mdy8Q16QeV9gXSqA157CgcXA7Z', 'Beagwlg1aQhmk_ejuAAqKTruNvAZuJkV', '$2y$13$7iYJrg0vGtRhjIqCsT3bGeHDS.HPm5HxMR4GUnuKbGSkmffADQpUq', NULL, 'admin@example.ru', 1);

--
-- Индексы сохранённых таблиц
--

--
-- Индексы таблицы `address`
--
ALTER TABLE `address`
  ADD PRIMARY KEY (`id`);

--
-- Индексы таблицы `category`
--
ALTER TABLE `category`
  ADD PRIMARY KEY (`id`);

--
-- Индексы таблицы `contacts`
--
ALTER TABLE `contacts`
  ADD PRIMARY KEY (`id`,`user_id`), ADD KEY `fk_agent_user1_idx` (`user_id`);

--
-- Индексы таблицы `district`
--
ALTER TABLE `district`
  ADD PRIMARY KEY (`id`,`town_id`), ADD KEY `fk_district_town1_idx` (`town_id`);

--
-- Индексы таблицы `floor`
--
ALTER TABLE `floor`
  ADD PRIMARY KEY (`id`);

--
-- Индексы таблицы `hall`
--
ALTER TABLE `hall`
  ADD PRIMARY KEY (`id`,`floor_id`,`price_id`,`address_id`,`category_id`,`contacts_id`), ADD KEY `fk_hall_floor1_idx` (`floor_id`), ADD KEY `fk_hall_price1_idx` (`price_id`), ADD KEY `fk_hall_address1_idx` (`address_id`), ADD KEY `fk_hall_category1_idx` (`category_id`), ADD KEY `fk_hall_contacts1_idx` (`contacts_id`);

--
-- Индексы таблицы `hall_has_options`
--
ALTER TABLE `hall_has_options`
  ADD PRIMARY KEY (`hall_id`,`options_id`), ADD KEY `fk_hall_has_options_options1_idx` (`options_id`), ADD KEY `fk_hall_has_options_hall1_idx` (`hall_id`);

--
-- Индексы таблицы `metro`
--
ALTER TABLE `metro`
  ADD PRIMARY KEY (`id`,`district_id`,`district_town_id`), ADD KEY `fk_metro_district1_idx` (`district_id`,`district_town_id`);

--
-- Индексы таблицы `options`
--
ALTER TABLE `options`
  ADD PRIMARY KEY (`id`);

--
-- Индексы таблицы `price`
--
ALTER TABLE `price`
  ADD PRIMARY KEY (`id`);

--
-- Индексы таблицы `profile`
--
ALTER TABLE `profile`
  ADD PRIMARY KEY (`id`,`user_id`), ADD KEY `fk_agent_user1_idx` (`user_id`);

--
-- Индексы таблицы `town`
--
ALTER TABLE `town`
  ADD PRIMARY KEY (`id`);

--
-- Индексы таблицы `user`
--
ALTER TABLE `user`
  ADD PRIMARY KEY (`id`);

--
-- AUTO_INCREMENT для сохранённых таблиц
--

--
-- AUTO_INCREMENT для таблицы `address`
--
ALTER TABLE `address`
  MODIFY `id` int(11) NOT NULL AUTO_INCREMENT,AUTO_INCREMENT=119;
--
-- AUTO_INCREMENT для таблицы `category`
--
ALTER TABLE `category`
  MODIFY `id` int(11) NOT NULL AUTO_INCREMENT,AUTO_INCREMENT=8;
--
-- AUTO_INCREMENT для таблицы `contacts`
--
ALTER TABLE `contacts`
  MODIFY `id` int(11) NOT NULL AUTO_INCREMENT,AUTO_INCREMENT=118;
--
-- AUTO_INCREMENT для таблицы `district`
--
ALTER TABLE `district`
  MODIFY `id` int(11) NOT NULL AUTO_INCREMENT,AUTO_INCREMENT=20;
--
-- AUTO_INCREMENT для таблицы `floor`
--
ALTER TABLE `floor`
  MODIFY `id` int(11) NOT NULL AUTO_INCREMENT,AUTO_INCREMENT=6;
--
-- AUTO_INCREMENT для таблицы `hall`
--
ALTER TABLE `hall`
  MODIFY `id` int(11) NOT NULL AUTO_INCREMENT,AUTO_INCREMENT=118;
--
-- AUTO_INCREMENT для таблицы `metro`
--
ALTER TABLE `metro`
  MODIFY `id` int(11) NOT NULL AUTO_INCREMENT,AUTO_INCREMENT=67;
--
-- AUTO_INCREMENT для таблицы `options`
--
ALTER TABLE `options`
  MODIFY `id` int(11) NOT NULL AUTO_INCREMENT,AUTO_INCREMENT=10;
--
-- AUTO_INCREMENT для таблицы `price`
--
ALTER TABLE `price`
  MODIFY `id` int(11) NOT NULL AUTO_INCREMENT,AUTO_INCREMENT=119;
--
-- AUTO_INCREMENT для таблицы `profile`
--
ALTER TABLE `profile`
  MODIFY `id` int(11) NOT NULL AUTO_INCREMENT,AUTO_INCREMENT=2;
--
-- AUTO_INCREMENT для таблицы `town`
--
ALTER TABLE `town`
  MODIFY `id` int(11) NOT NULL AUTO_INCREMENT,AUTO_INCREMENT=2;
--
-- AUTO_INCREMENT для таблицы `user`
--
ALTER TABLE `user`
  MODIFY `id` int(11) NOT NULL AUTO_INCREMENT,AUTO_INCREMENT=3;
--
-- Ограничения внешнего ключа сохраненных таблиц
--

--
-- Ограничения внешнего ключа таблицы `contacts`
--
ALTER TABLE `contacts`
ADD CONSTRAINT `fk_agent_user1` FOREIGN KEY (`user_id`) REFERENCES `user` (`id`) ON DELETE CASCADE ON UPDATE CASCADE;

--
-- Ограничения внешнего ключа таблицы `district`
--
ALTER TABLE `district`
ADD CONSTRAINT `fk_district_town1` FOREIGN KEY (`town_id`) REFERENCES `town` (`id`) ON DELETE CASCADE ON UPDATE CASCADE;

--
-- Ограничения внешнего ключа таблицы `hall`
--
ALTER TABLE `hall`
ADD CONSTRAINT `fk_hall_address1` FOREIGN KEY (`address_id`) REFERENCES `address` (`id`) ON DELETE CASCADE ON UPDATE CASCADE,
ADD CONSTRAINT `fk_hall_category1` FOREIGN KEY (`category_id`) REFERENCES `category` (`id`) ON UPDATE CASCADE,
ADD CONSTRAINT `fk_hall_contacts1` FOREIGN KEY (`contacts_id`) REFERENCES `contacts` (`id`) ON DELETE NO ACTION ON UPDATE NO ACTION,
ADD CONSTRAINT `fk_hall_floor1` FOREIGN KEY (`floor_id`) REFERENCES `floor` (`id`) ON UPDATE NO ACTION,
ADD CONSTRAINT `fk_hall_price1` FOREIGN KEY (`price_id`) REFERENCES `price` (`id`) ON DELETE CASCADE ON UPDATE CASCADE;

--
-- Ограничения внешнего ключа таблицы `hall_has_options`
--
ALTER TABLE `hall_has_options`
ADD CONSTRAINT `fk_hall_has_options_hall1` FOREIGN KEY (`hall_id`) REFERENCES `hall` (`id`) ON DELETE CASCADE ON UPDATE CASCADE,
ADD CONSTRAINT `fk_hall_has_options_options1` FOREIGN KEY (`options_id`) REFERENCES `options` (`id`) ON DELETE CASCADE ON UPDATE CASCADE;

--
-- Ограничения внешнего ключа таблицы `metro`
--
ALTER TABLE `metro`
ADD CONSTRAINT `fk_metro_district1` FOREIGN KEY (`district_id`, `district_town_id`) REFERENCES `district` (`id`, `town_id`) ON DELETE CASCADE ON UPDATE CASCADE;

--
-- Ограничения внешнего ключа таблицы `profile`
--
ALTER TABLE `profile`
ADD CONSTRAINT `fk_agent_user10` FOREIGN KEY (`user_id`) REFERENCES `user` (`id`) ON DELETE CASCADE ON UPDATE CASCADE;

/*!40101 SET CHARACTER_SET_CLIENT=@OLD_CHARACTER_SET_CLIENT */;
/*!40101 SET CHARACTER_SET_RESULTS=@OLD_CHARACTER_SET_RESULTS */;
/*!40101 SET COLLATION_CONNECTION=@OLD_COLLATION_CONNECTION */;
